anonId,printer,count,classes
job-2a4e04d3c7,LG-640,2,DUPLICATE_SUMMARY;LG640_CMYK_WHITE_COMBINED
job-2a4e04d3c7,LG-640,2,DUPLICATE_SUMMARY;LG640_WHITE_ONLY
job-2a4e04d3c7,LG-640,3,OTHER_EVENT:New Job(Queue A)
job-32f3455cca,LG-640,2,OTHER_EVENT:New Job(Queue A)
job-faf80f53ee,LG-640,4,DUPLICATE_SUMMARY;LG640_GLOSS_ONLY
job-95eef3b177,LG-640,2,DUPLICATE_SUMMARY;LG640_GLOSS_ONLY
job-95eef3b177,LG-640,4,DUPLICATE_SUMMARY;LG640_GLOSS_ONLY
job-e1b1fd65a2,LG-640,4,DUPLICATE_SUMMARY;LG640_GLOSS_ONLY
job-47770191a8,LG-640,4,DUPLICATE_SUMMARY;LG640_GLOSS_ONLY
job-7123aeb679,LG-640,4,DUPLICATE_SUMMARY;LG640_GLOSS_ONLY
job-7123aeb679,LG-640,2,OTHER_EVENT:New Job(Queue A)
job-3b0cdfde86,LG-640,4,DUPLICATE_SUMMARY;LG640_GLOSS_ONLY
job-08055ce4c7,LG-640,4,DUPLICATE_SUMMARY;LG640_GLOSS_ONLY
job-3b0cdfde86,LG-640,2,CANCELED
job-08055ce4c7,LG-640,2,CANCELED;FAILED
job-386a3bbab3,LG-640,2,DUPLICATE_SUMMARY;LG640_GLOSS_ONLY
job-87aade2f63,LG-640,2,DUPLICATE_SUMMARY;LG640_GLOSS_ONLY
job-72665fa585,LG-640,2,DUPLICATE_SUMMARY;LG640_GLOSS_ONLY
job-d3709c6c95,LG-640,2,DUPLICATE_SUMMARY;LG640_GLOSS_ONLY
job-d9cbc52889,LG-640,2,DUPLICATE_SUMMARY;LG640_GLOSS_ONLY
job-3b0cdfde86,LG-640,2,CANCELED
job-3b0cdfde86,LG-640,2,CANCELED
job-08055ce4c7,LG-640,4,CANCELED
job-386a3bbab3,LG-640,2,CANCELED
job-87aade2f63,LG-640,2,CANCELED
job-72665fa585,LG-640,2,CANCELED
job-d3709c6c95,LG-640,2,CANCELED
job-d9cbc52889,LG-640,2,CANCELED
job-75b64fd601,LG-640,2,FAILED;LG640_CMYK_ONLY
job-449278b9e6,LG-640,2,DUPLICATE_SUMMARY;LG640_GLOSS_ONLY
job-123b1fa48a,LG-640,2,DUPLICATE_SUMMARY;LG640_GLOSS_ONLY
job-01da95a678,LG-640,4,DUPLICATE_SUMMARY;LG640_GLOSS_ONLY
job-ce975953f3,LG-640,2,OTHER_EVENT:New Job(Queue A)
job-d45c085186,LG-640,2,OTHER_EVENT:New Job(Queue A)
job-1abe8d5668,LG-640,2,OTHER_EVENT:New Job(Queue A)
job-b1d4338e3e,LG-640,2,OTHER_EVENT:New Job(Queue A)
job-6d87adfd01,LG-640,2,OTHER_EVENT:New Job(Queue A)
job-443b710bd3,LG-640,4,DUPLICATE_SUMMARY;LG640_GLOSS_ONLY
job-350bb89581,LG-640,2,DUPLICATE_SUMMARY;LG640_GLOSS_ONLY
job-12597301a7,LG-640,2,DUPLICATE_SUMMARY;LG640_GLOSS_ONLY
job-82f15b1264,LG-640,4,DUPLICATE_SUMMARY;LG640_GLOSS_ONLY
job-443b710bd3,LG-640,2,OTHER_EVENT:New Job(Queue A)
job-350bb89581,LG-640,2,OTHER_EVENT:New Job(Queue A)
job-12597301a7,LG-640,2,OTHER_EVENT:New Job(Queue A)
job-82f15b1264,LG-640,4,CANCELED
job-0e17ebfba1,LG-640,2,DUPLICATE_SUMMARY;LG640_GLOSS_ONLY
job-82f15b1264,LG-640,4,CANCELED
job-0e17ebfba1,LG-640,4,CANCELED;DUPLICATE_SUMMARY;FAILED;LG640_GLOSS_ONLY
job-a5968fd2f4,LG-640,4,DUPLICATE_SUMMARY;LG640_GLOSS_ONLY
job-d179d11503,LG-640,2,DUPLICATE_SUMMARY;LG640_GLOSS_ONLY
job-d179d11503,LG-640,2,DUPLICATE_SUMMARY;LG640_GLOSS_ONLY
job-82f15b1264,LG-640,2,DUPLICATE_SUMMARY;LG640_GLOSS_ONLY
job-82f15b1264,LG-640,2,DUPLICATE_SUMMARY;LG640_CMYK_ONLY
job-00d779bacf,LG-640,2,DUPLICATE_SUMMARY;LG640_GLOSS_ONLY
job-00d779bacf,LG-640,2,OTHER_EVENT:New Job(Queue A)
job-bfe0a725f9,LG-640,2,OTHER_EVENT:New Job(Queue A)
job-5b7b608106,LG-640,2,OTHER_EVENT:New Job(Queue A)
job-875dce083b,LG-640,2,OTHER_EVENT:New Job(Queue A)
job-426184db2b,LG-640,5,OTHER_EVENT:New Job(Queue A)
job-7b19cce24f,LG-640,5,OTHER_EVENT:New Job(Queue A)
job-8a46a7524c,LG-640,5,OTHER_EVENT:New Job(Queue A)
job-1c7717ff3a,LG-640,5,OTHER_EVENT:New Job(Queue A)
job-9ab2ae359b,LG-640,5,OTHER_EVENT:New Job(Queue A)
job-58ad68a2b0,LG-640,2,OTHER_EVENT:New Job(Queue A)
job-3101beb8ee,LG-640,2,DUPLICATE_SUMMARY;LG640_GLOSS_ONLY
job-bdb435a0f3,LG-640,2,OTHER_EVENT:New Job(Queue A)
job-1bbb7a9426,LG-640,2,OTHER_EVENT:New Job(Queue A)
job-17e4e2181e,LG-640,2,OTHER_EVENT:New Job(Queue A)
job-1bbd14d3eb,LG-640,2,OTHER_EVENT:New Job(Queue A)
job-cd2d832135,LG-640,2,DUPLICATE_SUMMARY;LG640_GLOSS_ONLY
job-cd2d832135,LG-640,2,OTHER_EVENT:New Job(Queue A)
job-2e89fc442c,LG-640,8,DUPLICATE_SUMMARY;LG640_GLOSS_ONLY
job-cd2d832135,LG-640,4,DUPLICATE_SUMMARY;LG640_GLOSS_ONLY
job-2e89fc442c,LG-640,8,CANCELED
job-cd2d832135,LG-640,8,CANCELED;DUPLICATE_SUMMARY;FAILED;LG640_GLOSS_ONLY
job-d176564395,LG-640,2,OTHER_EVENT:New Job(Queue A)
job-33e3440eb5,LG-640,19,DUPLICATE_SUMMARY;LG640_CMYK_ONLY
job-33e3440eb5,LG-640,12,CANCELED;LG640_CMYK_ONLY
job-33e3440eb5,LG-640,18,CANCELED;DUPLICATE_SUMMARY;FAILED;LG640_GLOSS_ONLY
job-33e3440eb5,LG-640,9,CANCELED
job-33e3440eb5,LG-640,9,CANCELED;FAILED
job-33e3440eb5,LG-640,5,CANCELED
job-33e3440eb5,LG-640,13,CANCELED
job-993745b7fb,LG-640,2,DUPLICATE_SUMMARY;LG640_GLOSS_ONLY
job-993745b7fb,LG-640,2,OTHER_EVENT:New Job(Queue A)
job-993745b7fb,LG-640,2,CANCELED
job-4ac1d2549f,LG-640,4,DUPLICATE_SUMMARY;LG640_GLOSS_ONLY
job-4ac1d2549f,LG-640,2,OTHER_EVENT:New Job(Queue A)
job-4ac1d2549f,LG-640,4,CANCELED
job-09604b6991,LG-640,4,DUPLICATE_SUMMARY;LG640_GLOSS_ONLY
job-09604b6991,LG-640,2,OTHER_EVENT:New Job(Queue A)
job-fced492e05,LG-640,2,OTHER_EVENT:New Job(Queue A)
job-1b2a5e14e1,LG-640,2,OTHER_EVENT:New Job(Queue A)
job-0ecd7b546e,LG-640,4,DUPLICATE_SUMMARY;LG640_GLOSS_ONLY
job-8907e57d64,LG-640,4,DUPLICATE_SUMMARY;LG640_GLOSS_ONLY
job-24aa03d3c4,LG-640,4,DUPLICATE_SUMMARY;LG640_GLOSS_ONLY
job-cb381f9b02,LG-640,4,DUPLICATE_SUMMARY;LG640_GLOSS_ONLY
job-d645e10b9c,LG-640,4,DUPLICATE_SUMMARY;LG640_GLOSS_ONLY
job-aa2360c821,LG-640,4,DUPLICATE_SUMMARY;LG640_GLOSS_ONLY
job-a3f3949255,LG-640,4,DUPLICATE_SUMMARY;LG640_GLOSS_ONLY
job-e3263571a8,LG-640,4,DUPLICATE_SUMMARY;LG640_GLOSS_ONLY
job-2a4e04d3c7,LG-640,2,DUPLICATE_SUMMARY;LG640_CMYK_WHITE_COMBINED
job-2a4e04d3c7,LG-640,3,DUPLICATE_SUMMARY;LG640_CMYK_ONLY
job-2a4e04d3c7,LG-640,2,DUPLICATE_SUMMARY;LG640_CMYK_WHITE_COMBINED
job-3340393ca5,LG-640,2,DUPLICATE_SUMMARY;LG640_CMYK_WHITE_COMBINED
job-3340393ca5,LG-640,2,DUPLICATE_SUMMARY;LG640_CMYK_WHITE_COMBINED
job-3340393ca5,LG-640,2,DUPLICATE_SUMMARY;LG640_CMYK_WHITE_COMBINED
job-3340393ca5,LG-640,2,CANCELED;LG640_CMYK_WHITE_COMBINED
job-3340393ca5,LG-640,2,DUPLICATE_SUMMARY;LG640_WHITE_ONLY
job-3340393ca5,LG-640,2,DUPLICATE_SUMMARY;LG640_CMYK_WHITE_COMBINED
job-5aef1cf2c5,LG-640,10,DUPLICATE_SUMMARY;LG640_GLOSS_ONLY
job-5aef1cf2c5,LG-640,10,CANCELED
job-e61e0a52d9,LG-640,2,OTHER_EVENT:New Job(Queue A)
job-448c7e5dde,LG-640,2,OTHER_EVENT:New Job(Queue A)
job-2a8c1d1121,LG-640,2,OTHER_EVENT:New Job(Queue A)
job-531d79afb9,LG-640,2,OTHER_EVENT:New Job(Queue A)
job-5aef1cf2c5,LG-640,2,OTHER_EVENT:New Job(Queue A)
job-54fe2e7dc2,LG-640,2,OTHER_EVENT:New Job(Queue A)
job-3c4741f6dc,LG-640,4,DUPLICATE_SUMMARY;LG640_GLOSS_ONLY
job-f100463c1c,LG-640,6,DUPLICATE_SUMMARY;LG640_GLOSS_ONLY
job-339376879a,LG-640,4,DUPLICATE_SUMMARY;LG640_GLOSS_ONLY
job-a62143e834,LG-640,4,DUPLICATE_SUMMARY;LG640_GLOSS_ONLY
job-339376879a,LG-640,4,CANCELED
job-3c4741f6dc,LG-640,4,CANCELED
job-f100463c1c,LG-640,6,CANCELED
job-8e3bbd99a6,LG-640,6,DUPLICATE_SUMMARY;LG640_GLOSS_ONLY
job-d1205ff3ed,LG-640,6,DUPLICATE_SUMMARY;LG640_GLOSS_ONLY
job-8e3bbd99a6,LG-640,3,OTHER_EVENT:New Job(Main Que);OTHER_EVENT:New Job(Queue A)
job-3c4741f6dc,LG-640,2,OTHER_EVENT:New Job(Queue A)
job-2c85eb2d5c,LG-640,3,OTHER_EVENT:New Job(Queue A)
job-3340393ca5,LG-640,2,DUPLICATE_SUMMARY;LG640_GLOSS_ONLY
job-3340393ca5,LG-640,2,CANCELED
job-3340393ca5,LG-640,2,DUPLICATE_SUMMARY;LG640_GLOSS_ONLY
job-6f10572c9b,LG-640,2,DUPLICATE_SUMMARY;LG640_GLOSS_ONLY
job-8febd03540,LG-640,4,DUPLICATE_SUMMARY;LG640_GLOSS_ONLY
job-6894faf5b7,LG-640,4,DUPLICATE_SUMMARY;LG640_GLOSS_ONLY
job-e91154e9eb,LG-640,4,DUPLICATE_SUMMARY;LG640_GLOSS_ONLY
job-6894faf5b7,LG-640,4,CANCELED
job-e91154e9eb,LG-640,4,CANCELED
job-3340393ca5,LG-640,2,DUPLICATE_SUMMARY;LG640_GLOSS_ONLY
job-8febd03540,LG-640,2,OTHER_EVENT:New Job(Queue A)
job-3340393ca5,LG-640,2,DUPLICATE_SUMMARY;LG640_GLOSS_ONLY
job-6894faf5b7,LG-640,4,CANCELED
job-e91154e9eb,LG-640,4,CANCELED;LG640_CMYK_ONLY
job-8febd03540,LG-640,4,DUPLICATE_SUMMARY;LG640_GLOSS_ONLY
job-6894faf5b7,LG-640,2,CANCELED
job-e91154e9eb,LG-640,2,CANCELED
job-8febd03540,LG-640,2,CANCELED
job-24c62045c6,LG-640,2,DUPLICATE_SUMMARY;LG640_GLOSS_ONLY
job-6894faf5b7,LG-640,4,CANCELED
job-e91154e9eb,LG-640,4,CANCELED
job-8febd03540,LG-640,4,CANCELED
job-24c62045c6,LG-640,4,CANCELED;DUPLICATE_SUMMARY;LG640_GLOSS_ONLY
job-350bb89581,LG-640,2,DUPLICATE_SUMMARY;LG640_GLOSS_ONLY
job-12597301a7,LG-640,2,DUPLICATE_SUMMARY;LG640_GLOSS_ONLY
job-443b710bd3,LG-640,2,DUPLICATE_SUMMARY;LG640_GLOSS_ONLY
job-f353058a2d,LG-640,2,DUPLICATE_SUMMARY;LG640_GLOSS_ONLY
job-f353058a2d,LG-640,4,DUPLICATE_SUMMARY;LG640_GLOSS_ONLY
job-f353058a2d,LG-640,4,CANCELED
job-eb93ce9f85,LG-640,4,DUPLICATE_SUMMARY;LG640_GLOSS_ONLY
job-7c87c39145,LG-640,8,DUPLICATE_SUMMARY;LG640_GLOSS_ONLY
job-4ac6558311,LG-640,2,DUPLICATE_SUMMARY;LG640_GLOSS_ONLY
job-4ac6558311,LG-640,3,OTHER_EVENT:New Job(Queue A)
job-4ac6558311,LG-640,2,CANCELED;LG640_CMYK_ONLY
job-4ac6558311,LG-640,2,CANCELED;LG640_CMYK_ONLY
job-a1b8d488cc,LG-640,2,DUPLICATE_SUMMARY;LG640_GLOSS_ONLY
job-1ed2bc419c,LG-640,2,OTHER_EVENT:New Job(Queue A)
job-617962c6d0,LG-640,4,OTHER_EVENT:New Job(Queue A)
job-767256d3e1,LG-640,2,OTHER_EVENT:New Job(Queue A)
job-241e8809fe,LG-640,2,OTHER_EVENT:New Job(Queue A)
job-cb60c69388,LG-640,2,OTHER_EVENT:New Job(Queue A)
job-830ce470cf,LG-640,3,OTHER_EVENT:New Job(Queue A)
job-830ce470cf,LG-640,2,DUPLICATE_SUMMARY;LG640_GLOSS_ONLY
job-c36b7a4a9d,LG-640,2,DUPLICATE_SUMMARY;LG640_GLOSS_ONLY
job-f2bd856616,LG-640,2,DUPLICATE_SUMMARY;LG640_GLOSS_ONLY
job-c36b7a4a9d,LG-640,2,CANCELED
job-f2bd856616,LG-640,2,CANCELED;FAILED
job-c36b7a4a9d,LG-640,2,CANCELED
job-f2bd856616,LG-640,2,CANCELED;FAILED
job-195a408908,LG-640,2,DUPLICATE_SUMMARY;LG640_GLOSS_ONLY
job-b43df7ac7f,LG-640,2,DUPLICATE_SUMMARY;LG640_GLOSS_ONLY
job-cd0737fa04,LG-640,2,DUPLICATE_SUMMARY;LG640_GLOSS_ONLY
job-125bcbdf9e,LG-640,2,DUPLICATE_SUMMARY;LG640_GLOSS_ONLY
job-830ce470cf,LG-640,2,DUPLICATE_SUMMARY;LG640_GLOSS_ONLY
job-c36b7a4a9d,LG-640,2,CANCELED
job-f2bd856616,LG-640,2,CANCELED
job-195a408908,LG-640,2,CANCELED
job-3c4741f6dc,LG-640,2,DUPLICATE_SUMMARY;LG640_GLOSS_ONLY
job-195a408908,LG-640,2,CANCELED
job-195a408908,LG-640,2,OTHER_EVENT:New Job(Queue A)
job-35e7223172,LG-640,2,DUPLICATE_SUMMARY;LG640_GLOSS_ONLY
job-35e7223172,LG-640,2,CANCELED
job-195a408908,LG-640,2,CANCELED
job-2cdce54bbb,LG-640,2,DUPLICATE_SUMMARY;LG640_GLOSS_ONLY
job-2271a5a753,LG-640,2,DUPLICATE_SUMMARY;LG640_GLOSS_ONLY
job-5cbfa834e3,LG-640,8,DUPLICATE_SUMMARY;LG640_GLOSS_ONLY
job-5cbfa834e3,LG-640,8,CANCELED
job-5cbfa834e3,LG-640,2,DUPLICATE_SUMMARY;LG640_GLOSS_ONLY
job-5cbfa834e3,LG-640,10,CANCELED
job-5cbfa834e3,LG-640,2,OTHER_EVENT:New Job(Queue A)
job-5cbfa834e3,LG-640,10,CANCELED
job-2c85eb2d5c,LG-640,2,DUPLICATE_SUMMARY;LG640_GLOSS_ONLY
job-2c85eb2d5c,LG-640,2,FAILED;LG640_CMYK_ONLY
job-872407a811,LG-640,2,DUPLICATE_SUMMARY;LG640_GLOSS_ONLY
job-b3f3e8173f,LG-640,2,DUPLICATE_SUMMARY;LG640_GLOSS_ONLY
job-872407a811,LG-640,2,CANCELED
job-b3f3e8173f,LG-640,2,CANCELED;FAILED
job-872407a811,LG-640,2,CANCELED
job-b3f3e8173f,LG-640,2,CANCELED;FAILED
job-872407a811,LG-640,2,CANCELED
job-b3f3e8173f,LG-640,2,FAILED;LG640_CMYK_ONLY
job-b98f282aa4,LG-640,2,DUPLICATE_SUMMARY;LG640_GLOSS_ONLY
job-0cc0bb89c6,LG-640,2,DUPLICATE_SUMMARY;LG640_GLOSS_ONLY
job-dd3cd1875e,LG-640,2,DUPLICATE_SUMMARY;LG640_GLOSS_ONLY
job-c505ff9117,LG-640,2,DUPLICATE_SUMMARY;LG640_GLOSS_ONLY
job-f2cc95c6fe,LG-640,2,DUPLICATE_SUMMARY;LG640_GLOSS_ONLY
job-fd7f077712,LG-640,2,DUPLICATE_SUMMARY;LG640_GLOSS_ONLY
job-1e52dab2aa,LG-640,2,DUPLICATE_SUMMARY;LG640_GLOSS_ONLY
job-1e52dab2aa,LG-640,6,DUPLICATE_SUMMARY;LG640_GLOSS_ONLY
job-1e52dab2aa,LG-640,20,CANCELED;DUPLICATE_SUMMARY;FAILED;LG640_CMYK_ONLY
job-1e52dab2aa,LG-640,20,DUPLICATE_SUMMARY;LG640_GLOSS_ONLY
job-125bcbdf9e,LG-640,2,DUPLICATE_SUMMARY;LG640_GLOSS_ONLY
job-830ce470cf,LG-640,2,DUPLICATE_SUMMARY;LG640_GLOSS_ONLY
job-ef0be0513f,LG-640,2,DUPLICATE_SUMMARY;LG640_GLOSS_ONLY
job-8da483c7fd,LG-640,2,DUPLICATE_SUMMARY;LG640_GLOSS_ONLY
job-f835a64b8a,LG-640,2,DUPLICATE_SUMMARY;LG640_GLOSS_ONLY
job-0868190ee7,LG-640,2,DUPLICATE_SUMMARY;LG640_GLOSS_ONLY
job-cd0737fa04,LG-640,2,DUPLICATE_SUMMARY;LG640_GLOSS_ONLY
job-b43df7ac7f,LG-640,2,DUPLICATE_SUMMARY;LG640_GLOSS_ONLY
job-b43df7ac7f,LG-640,2,CANCELED
job-e3eef61f05,LG-640,2,OTHER_EVENT:New Job(Queue A)
job-6df3eb4ba4,LG-640,17,DUPLICATE_SUMMARY;LG640_GLOSS_ONLY
job-6df3eb4ba4,LG-640,3,DUPLICATE_SUMMARY;LG640_CMYK_ONLY
job-e65f621cab,LG-640,4,DUPLICATE_SUMMARY;LG640_GLOSS_ONLY
job-e65f621cab,LG-640,2,DUPLICATE_SUMMARY;LG640_GLOSS_ONLY
job-e65f621cab,LG-640,2,DUPLICATE_SUMMARY;LG640_GLOSS_ONLY
job-e65f621cab,LG-640,2,CANCELED;FAILED
job-6df3eb4ba4,LG-640,10,CANCELED
job-6df3eb4ba4,LG-640,10,CANCELED
job-e65f621cab,LG-640,6,CANCELED;FAILED
job-6df3eb4ba4,LG-640,14,CANCELED
job-6df3eb4ba4,LG-640,6,CANCELED
job-e65f621cab,LG-640,2,CANCELED
job-e65f621cab,LG-640,18,CANCELED;DUPLICATE_SUMMARY;FAILED;LG640_CMYK_ONLY
job-5aef1cf2c5,LG-640,10,DUPLICATE_SUMMARY;LG640_GLOSS_ONLY
job-a8ccebfddf,LG-640,4,DUPLICATE_SUMMARY;LG640_GLOSS_ONLY
job-7dd10fa339,LG-640,4,DUPLICATE_SUMMARY;LG640_GLOSS_ONLY
job-a0e957143e,LG-640,4,DUPLICATE_SUMMARY;LG640_GLOSS_ONLY
job-6911def924,LG-640,4,DUPLICATE_SUMMARY;LG640_GLOSS_ONLY
job-9fcfa6a535,LG-640,2,DUPLICATE_SUMMARY;LG640_GLOSS_ONLY
job-5967abd055,LG-640,4,DUPLICATE_SUMMARY;LG640_GLOSS_ONLY
job-eef41376b9,LG-640,4,DUPLICATE_SUMMARY;LG640_GLOSS_ONLY
job-d2fda1d2e0,LG-640,4,DUPLICATE_SUMMARY;LG640_GLOSS_ONLY
job-f52375d600,LG-640,4,DUPLICATE_SUMMARY;LG640_GLOSS_ONLY
job-1f81a7aec3,LG-640,4,DUPLICATE_SUMMARY;LG640_GLOSS_ONLY
job-993745b7fb,LG-640,4,DUPLICATE_SUMMARY;LG640_GLOSS_ONLY
job-07ffa14c82,LG-640,4,CANCELED;DUPLICATE_SUMMARY;LG640_GLOSS_ONLY
job-eef41376b9,LG-640,4,CANCELED
job-d2fda1d2e0,LG-640,4,CANCELED
job-f52375d600,LG-640,4,CANCELED
job-1f81a7aec3,LG-640,4,CANCELED
job-993745b7fb,LG-640,4,CANCELED
job-5967abd055,LG-640,4,CANCELED;LG640_CMYK_ONLY
job-07ffa14c82,LG-640,12,DUPLICATE_SUMMARY;LG640_GLOSS_ONLY
job-dd91adb17f,LG-640,8,DUPLICATE_SUMMARY;LG640_GLOSS_ONLY
job-b3817f7e4c,LG-640,2,DUPLICATE_SUMMARY;LG640_GLOSS_ONLY
job-07ffa14c82,LG-640,12,CANCELED
job-dd91adb17f,LG-640,8,CANCELED
job-b3817f7e4c,LG-640,4,CANCELED
job-19c1306492,LG-640,4,DUPLICATE_SUMMARY;LG640_GLOSS_ONLY
job-e296cb58d2,LG-640,4,DUPLICATE_SUMMARY;LG640_GLOSS_ONLY
job-f7118f9cad,LG-640,4,DUPLICATE_SUMMARY;LG640_GLOSS_ONLY
job-7a3e003c9c,LG-640,4,DUPLICATE_SUMMARY;LG640_GLOSS_ONLY
job-2f3e7a8e8a,LG-640,2,DUPLICATE_SUMMARY;LG640_GLOSS_ONLY
job-198583076a,LG-640,2,DUPLICATE_SUMMARY;LG640_GLOSS_ONLY
job-1b073e1661,LG-640,2,DUPLICATE_SUMMARY;LG640_GLOSS_ONLY
job-d5b2003fbd,LG-640,2,DUPLICATE_SUMMARY;LG640_GLOSS_ONLY
job-d5b2003fbd,LG-640,2,DUPLICATE_SUMMARY;LG640_GLOSS_ONLY
job-3d053caad4,LG-640,4,DUPLICATE_SUMMARY;LG640_GLOSS_ONLY
job-b50197af64,LG-640,4,DUPLICATE_SUMMARY;LG640_GLOSS_ONLY
job-d5b2003fbd,LG-640,4,CANCELED
job-3d053caad4,LG-640,4,CANCELED
job-b50197af64,LG-640,4,CANCELED
job-a065ec5be7,LG-640,2,OTHER_EVENT:New Job(Queue A)
job-78b70f808e,LG-640,2,OTHER_EVENT:New Job(Queue A)
job-d5b2003fbd,LG-640,4,CANCELED
job-3d053caad4,LG-640,4,CANCELED
job-b50197af64,LG-640,4,CANCELED
job-556cd65c42,LG-640,2,DUPLICATE_SUMMARY;LG640_GLOSS_ONLY
job-556cd65c42,LG-640,4,DUPLICATE_SUMMARY;LG640_GLOSS_ONLY
job-d5b2003fbd,LG-640,4,CANCELED
job-3d053caad4,LG-640,4,CANCELED
job-b50197af64,LG-640,4,CANCELED
job-556cd65c42,LG-640,2,CANCELED
job-556cd65c42,LG-640,4,CANCELED;FAILED
job-d5b2003fbd,LG-640,4,CANCELED
job-3d053caad4,LG-640,4,CANCELED
job-b50197af64,LG-640,4,CANCELED
job-556cd65c42,LG-640,2,CANCELED
job-556cd65c42,LG-640,4,CANCELED
job-b50197af64,LG-640,4,CANCELED;FAILED
job-6911def924,LG-640,12,DUPLICATE_SUMMARY;LG640_GLOSS_ONLY
job-6911def924,LG-640,12,CANCELED
job-6911def924,LG-640,20,CANCELED;DUPLICATE_SUMMARY;FAILED;LG640_CMYK_ONLY
job-6911def924,LG-640,20,CANCELED
job-6911def924,LG-640,13,OTHER_EVENT:Print Start
job-6911def924,LG-640,9,DUPLICATE_SUMMARY;LG640_CMYK_ONLY;OTHER_EVENT:Print Start
job-2c85eb2d5c,LG-640,2,DUPLICATE_SUMMARY;LG640_GLOSS_ONLY
job-2c85eb2d5c,LG-640,2,CANCELED
job-556cd65c42,LG-640,2,CANCELED
job-556cd65c42,LG-640,4,CANCELED
job-6911def924,LG-640,23,CANCELED;DUPLICATE_SUMMARY;LG640_GLOSS_ONLY
job-6911def924,LG-640,9,CANCELED
job-6911def924,LG-640,11,CANCELED;DUPLICATE_SUMMARY;LG640_GLOSS_ONLY
job-6911def924,LG-640,27,CANCELED
job-6911def924,LG-640,3,CANCELED
job-d5b2003fbd,LG-640,4,CANCELED
job-3d053caad4,LG-640,4,CANCELED
job-b50197af64,LG-640,4,CANCELED
job-dfa22bc579,LG-640,4,DUPLICATE_SUMMARY;LG640_GLOSS_ONLY
job-5867ffd99e,LG-640,4,DUPLICATE_SUMMARY;LG640_GLOSS_ONLY
job-64c9fb3603,LG-640,4,DUPLICATE_SUMMARY;LG640_GLOSS_ONLY
job-499c0ac562,LG-640,4,DUPLICATE_SUMMARY;LG640_GLOSS_ONLY
job-e88328bc55,LG-640,4,DUPLICATE_SUMMARY;LG640_GLOSS_ONLY
job-6911def924,LG-640,2,DUPLICATE_SUMMARY;LG640_GLOSS_ONLY
job-ee83ea3510,LG-640,2,DUPLICATE_SUMMARY;LG640_GLOSS_ONLY
job-fa1da0ad82,LG-640,2,DUPLICATE_SUMMARY;LG640_GLOSS_ONLY
job-ee83ea3510,LG-640,2,OTHER_EVENT:New Job(Queue A)
job-69683003dc,LG-640,2,DUPLICATE_SUMMARY;LG640_GLOSS_ONLY
job-69683003dc,LG-640,4,DUPLICATE_SUMMARY;LG640_GLOSS_ONLY
job-df2555de1b,LG-640,6,DUPLICATE_SUMMARY;LG640_GLOSS_ONLY
job-fa1da0ad82,LG-640,2,DUPLICATE_SUMMARY;LG640_GLOSS_ONLY
job-ee83ea3510,LG-640,2,DUPLICATE_SUMMARY;LG640_GLOSS_ONLY
job-2f3e7a8e8a,LG-640,4,CANCELED;FAILED;LG640_CMYK_ONLY
job-fa1da0ad82,LG-640,2,CANCELED
job-ee83ea3510,LG-640,2,CANCELED
job-2f3e7a8e8a,LG-640,4,CANCELED;DUPLICATE_SUMMARY;FAILED;LG640_GLOSS_ONLY
job-fa1da0ad82,LG-640,2,CANCELED
job-ee83ea3510,LG-640,2,CANCELED
job-2f3e7a8e8a,LG-640,4,CANCELED
job-2f3e7a8e8a,LG-640,4,CANCELED;FAILED;LG640_CMYK_ONLY
job-198583076a,LG-640,3,DUPLICATE_SUMMARY;LG640_GLOSS_ONLY
job-dd91adb17f,LG-640,4,DUPLICATE_SUMMARY;LG640_GLOSS_ONLY
job-1b073e1661,LG-640,4,DUPLICATE_SUMMARY;LG640_GLOSS_ONLY
job-9fcfa6a535,LG-640,8,DUPLICATE_SUMMARY;LG640_GLOSS_ONLY
job-7a3e003c9c,LG-640,2,OTHER_EVENT:New Job(Main Que)
job-1b073e1661,LG-640,4,CANCELED
job-198583076a,LG-640,4,CANCELED
job-dd91adb17f,LG-640,4,CANCELED
job-2f3e7a8e8a,LG-640,4,CANCELED
job-9fcfa6a535,LG-640,8,CANCELED;FAILED
job-1b073e1661,LG-640,4,CANCELED
job-198583076a,LG-640,4,CANCELED
job-dd91adb17f,LG-640,4,CANCELED
job-2f3e7a8e8a,LG-640,4,CANCELED
job-9fcfa6a535,LG-640,8,CANCELED;FAILED
job-b4acdb4536,LG-640,4,DUPLICATE_SUMMARY;LG640_GLOSS_ONLY
job-e809f290dd,LG-640,3,DUPLICATE_SUMMARY;LG640_CMYK_ONLY
job-b4acdb4536,LG-640,2,OTHER_EVENT:Print Start
job-b4acdb4536,LG-640,2,OTHER_EVENT:Print Start
job-e809f290dd,LG-640,4,LG640_CMYK_ONLY;OTHER_EVENT:Print Start
job-339376879a,LG-640,2,DUPLICATE_SUMMARY;LG640_GLOSS_ONLY
job-3c4741f6dc,LG-640,4,OTHER_EVENT:New Job(Main Que)
job-a62143e834,LG-640,3,OTHER_EVENT:New Job(Main Que)
job-339376879a,LG-640,3,OTHER_EVENT:New Job(Main Que)
job-a012d4ae2c,LG-640,2,DUPLICATE_SUMMARY;LG640_GLOSS_ONLY
job-a012d4ae2c,LG-640,4,DUPLICATE_SUMMARY;LG640_GLOSS_ONLY
job-a012d4ae2c,LG-640,8,CANCELED
job-d1205ff3ed,LG-640,2,OTHER_EVENT:New Job(Main Que)
job-f100463c1c,LG-640,2,OTHER_EVENT:New Job(Main Que)
job-339376879a,LG-640,4,DUPLICATE_SUMMARY;LG640_GLOSS_ONLY
job-cee0115202,LG-640,2,DUPLICATE_SUMMARY;LG640_GLOSS_ONLY
job-15326c8a1b,LG-640,2,DUPLICATE_SUMMARY;LG640_GLOSS_ONLY
job-42c24e8477,LG-640,2,DUPLICATE_SUMMARY;LG640_GLOSS_ONLY
job-63e5177848,LG-640,2,DUPLICATE_SUMMARY;LG640_GLOSS_ONLY
job-42c24e8477,LG-640,2,CANCELED
job-63e5177848,LG-640,2,CANCELED
job-17f7e1fa06,LG-640,2,DUPLICATE_SUMMARY;LG640_GLOSS_ONLY
job-17f7e1fa06,LG-640,12,DUPLICATE_SUMMARY;LG640_GLOSS_ONLY
job-f7a9e50d02,LG-640,2,DUPLICATE_SUMMARY;LG640_GLOSS_ONLY
job-3b0cdfde86,LG-640,2,DUPLICATE_SUMMARY;LG640_GLOSS_ONLY
job-3e46512f63,LG-640,2,DUPLICATE_SUMMARY;LG640_GLOSS_ONLY
job-b46dbbd376,LG-640,2,DUPLICATE_SUMMARY;LG640_GLOSS_ONLY
job-15c1de8e4d,LG-640,2,DUPLICATE_SUMMARY;LG640_GLOSS_ONLY
job-e1d04393ca,LG-640,2,DUPLICATE_SUMMARY;LG640_GLOSS_ONLY
job-81ecbe4944,LG-640,2,DUPLICATE_SUMMARY;LG640_GLOSS_ONLY
job-8e3bbd99a6,LG-640,4,DUPLICATE_SUMMARY;LG640_GLOSS_ONLY
job-b1ad75b0b6,LG-640,2,DUPLICATE_SUMMARY;LG640_GLOSS_ONLY
job-b2d464c8f4,LG-640,2,DUPLICATE_SUMMARY;LG640_GLOSS_ONLY
job-6ca5deba0c,LG-640,2,DUPLICATE_SUMMARY;LG640_GLOSS_ONLY
job-e55ee3ad79,LG-640,2,DUPLICATE_SUMMARY;LG640_GLOSS_ONLY
job-b1ad75b0b6,LG-640,2,CANCELED
job-b1ad75b0b6,LG-640,2,OTHER_EVENT:New Job(Main Que)
job-8e3bbd99a6,LG-640,4,CANCELED
job-d053c56083,LG-640,2,DUPLICATE_SUMMARY;LG640_GLOSS_ONLY
job-8e3bbd99a6,LG-640,4,CANCELED
job-d1205ff3ed,LG-640,2,DUPLICATE_SUMMARY;LG640_GLOSS_ONLY
job-d1205ff3ed,LG-640,2,DUPLICATE_SUMMARY;LG640_GLOSS_ONLY
job-f100463c1c,LG-640,4,DUPLICATE_SUMMARY;LG640_GLOSS_ONLY
job-339376879a,LG-640,4,DUPLICATE_SUMMARY;LG640_GLOSS_ONLY
job-3c4741f6dc,LG-640,4,DUPLICATE_SUMMARY;LG640_GLOSS_ONLY
job-a62143e834,LG-640,4,DUPLICATE_SUMMARY;LG640_GLOSS_ONLY
job-b2d464c8f4,LG-640,2,DUPLICATE_SUMMARY;LG640_GLOSS_ONLY
job-b2d464c8f4,LG-640,2,FAILED;LG640_CMYK_ONLY
job-b1ad75b0b6,LG-640,2,DUPLICATE_SUMMARY;LG640_GLOSS_ONLY
job-cc2adc648e,LG-640,2,DUPLICATE_SUMMARY;LG640_GLOSS_ONLY
job-202645ae56,LG-640,2,DUPLICATE_SUMMARY;LG640_GLOSS_ONLY
job-3bcd8c3a41,LG-640,2,DUPLICATE_SUMMARY;LG640_GLOSS_ONLY
job-e1da42c5b3,LG-640,2,DUPLICATE_SUMMARY;LG640_GLOSS_ONLY
job-b6fc5aafdb,LG-640,4,DUPLICATE_SUMMARY;LG640_GLOSS_ONLY
job-e40310a83d,LG-640,2,DUPLICATE_SUMMARY;LG640_GLOSS_ONLY
job-9eebe99290,LG-640,2,DUPLICATE_SUMMARY;LG640_GLOSS_ONLY
job-b949eb9428,LG-640,2,DUPLICATE_SUMMARY;LG640_GLOSS_ONLY
job-b6fc5aafdb,LG-640,4,CANCELED
job-e40310a83d,LG-640,2,CANCELED
job-9eebe99290,LG-640,4,CANCELED;DUPLICATE_SUMMARY;LG640_GLOSS_ONLY
job-44c156ea82,LG-640,4,DUPLICATE_SUMMARY;LG640_GLOSS_ONLY
job-c0d3e6aebb,LG-640,4,DUPLICATE_SUMMARY;LG640_GLOSS_ONLY
job-fe7b450434,LG-640,2,DUPLICATE_SUMMARY;LG640_GLOSS_ONLY
job-e40310a83d,LG-640,2,OTHER_EVENT:New Job(Queue A)
job-44c156ea82,LG-640,4,CANCELED
job-c0d3e6aebb,LG-640,4,CANCELED
job-b6fc5aafdb,LG-640,4,CANCELED
job-fe7b450434,LG-640,2,CANCELED
job-44c156ea82,LG-640,4,OTHER_EVENT:New Job(Queue A)
job-c0d3e6aebb,LG-640,3,OTHER_EVENT:New Job(Queue A)
job-b6fc5aafdb,LG-640,4,OTHER_EVENT:New Job(Queue A)
job-fe7b450434,LG-640,4,OTHER_EVENT:New Job(Queue A)
job-f7d0a3219a,LG-640,3,OTHER_EVENT:New Job(Queue A)
job-61291afe6b,LG-640,3,OTHER_EVENT:New Job(Queue A)
job-d56fc96d94,LG-640,3,OTHER_EVENT:New Job(Queue A)
job-94d98f4370,LG-640,3,OTHER_EVENT:New Job(Queue A)
job-f7ad108303,LG-640,3,OTHER_EVENT:New Job(Queue A)
job-992e0367b7,LG-640,3,OTHER_EVENT:New Job(Queue A)
job-f596b0d375,LG-640,3,OTHER_EVENT:New Job(Queue A)
job-1c1b3f4a1d,LG-640,3,OTHER_EVENT:New Job(Queue A)
job-f556730c5f,LG-640,3,OTHER_EVENT:New Job(Queue A)
job-521e651b65,LG-640,3,OTHER_EVENT:New Job(Queue A)
job-ed990d83b3,LG-640,3,OTHER_EVENT:New Job(Queue A)
job-873211b5cb,LG-640,3,OTHER_EVENT:New Job(Queue A)
job-96d1240cdb,LG-640,3,OTHER_EVENT:New Job(Queue A)
job-26a0ac7da1,LG-640,3,OTHER_EVENT:New Job(Queue A)
job-71f4402272,LG-640,2,OTHER_EVENT:New Job(Queue A)
job-86d779e1f4,LG-640,2,OTHER_EVENT:New Job(Queue A)
job-b03db8fb5a,LG-640,4,DUPLICATE_SUMMARY;LG640_GLOSS_ONLY
job-b03db8fb5a,LG-640,2,OTHER_EVENT:New Job(Queue A)
job-b03db8fb5a,LG-640,4,CANCELED
job-ad956d3fcb,LG-640,2,DUPLICATE_SUMMARY;LG640_GLOSS_ONLY
job-7c500a7939,LG-640,2,DUPLICATE_SUMMARY;LG640_GLOSS_ONLY
job-16b04741be,LG-640,2,DUPLICATE_SUMMARY;LG640_GLOSS_ONLY
job-16b04741be,LG-640,10,DUPLICATE_SUMMARY;LG640_GLOSS_ONLY
job-ad956d3fcb,LG-640,10,DUPLICATE_SUMMARY;LG640_GLOSS_ONLY
job-7c500a7939,LG-640,10,DUPLICATE_SUMMARY;LG640_GLOSS_ONLY
job-0b663ee2a5,LG-640,8,DUPLICATE_SUMMARY;LG640_GLOSS_ONLY
job-0b663ee2a5,LG-640,2,CANCELED
job-a0839060c2,LG-640,2,DUPLICATE_SUMMARY;LG640_GLOSS_ONLY
job-a0839060c2,LG-640,8,DUPLICATE_SUMMARY;LG640_GLOSS_ONLY
job-ad956d3fcb,LG-640,2,OTHER_EVENT:New Job(Queue A)
job-7c500a7939,LG-640,2,OTHER_EVENT:New Job(Queue A)
job-16b04741be,LG-640,3,OTHER_EVENT:New Job(Queue A)
job-16b04741be,LG-640,3,CANCELED
job-16b04741be,LG-640,7,CANCELED
job-ad956d3fcb,LG-640,3,CANCELED
job-ad956d3fcb,LG-640,7,CANCELED
job-7c500a7939,LG-640,8,CANCELED
job-7c500a7939,LG-640,2,CANCELED
job-0b663ee2a5,LG-640,8,CANCELED
job-a0839060c2,LG-640,2,CANCELED
job-a0839060c2,LG-640,8,CANCELED
job-fda2e51b8d,LG-640,8,DUPLICATE_SUMMARY;LG640_GLOSS_ONLY
job-ccec2ca936,LG-640,2,DUPLICATE_SUMMARY;LG640_GLOSS_ONLY
job-ccec2ca936,LG-640,4,CANCELED;DUPLICATE_SUMMARY;LG640_CMYK_ONLY
job-ccec2ca936,LG-640,6,CANCELED;DUPLICATE_SUMMARY;LG640_GLOSS_ONLY
job-ccec2ca936,LG-640,8,CANCELED;DUPLICATE_SUMMARY;LG640_GLOSS_ONLY
job-ccec2ca936,LG-540,8,CANCELED;DUPLICATE_SUMMARY;FAILED;LG540_CMYK_ONLY
job-ccec2ca936,LG-540,3,OTHER_EVENT:New Job(Queue A)
job-ccec2ca936,LG-540,4,CANCELED;DUPLICATE_SUMMARY;LG540_GLOSS_ONLY
job-ccec2ca936,LG-540,4,CANCELED;DUPLICATE_SUMMARY;LG540_CMYK_ONLY
job-ccec2ca936,LG-540,3,CANCELED
job-ccec2ca936,LG-540,3,CANCELED
job-7540a8aa2a,LG-540,6,DUPLICATE_SUMMARY;LG540_GLOSS_ONLY
job-7540a8aa2a,LG-540,2,DUPLICATE_SUMMARY;LG540_GLOSS_ONLY
job-7540a8aa2a,LG-540,6,CANCELED
job-7540a8aa2a,LG-540,2,CANCELED
job-7540a8aa2a,LG-540,2,OTHER_EVENT:New Job(Queue A)
job-7540a8aa2a,LG-540,2,CANCELED
job-4d3cf554e9,LG-540,2,OTHER_EVENT:New Job(Queue A)
job-c91106bc8e,LG-540,2,OTHER_EVENT:New Job(Queue A)
job-dd2b412b5b,LG-540,2,OTHER_EVENT:New Job(Queue A)
job-8e1c9f70aa,LG-540,2,OTHER_EVENT:New Job(Queue A)
job-a8f8c09ee8,LG-540,2,OTHER_EVENT:New Job(Queue A)
job-a4b66bfb3f,LG-540,2,OTHER_EVENT:New Job(Queue A)
job-930d4c2407,LG-540,2,OTHER_EVENT:New Job(Queue A)
job-ae76af5cb1,LG-540,3,OTHER_EVENT:New Job(Queue A)
job-95fe0df9f0,LG-540,2,OTHER_EVENT:Print Start
job-0f2a721ee0,LG-540,2,DUPLICATE_SUMMARY;LG540_GLOSS_ONLY
job-dcfe2785eb,LG-540,2,CANCELED;LG540_CMYK_ONLY
job-f292713bda,LG-540,2,OTHER_EVENT:New Job(Queue A)
job-71e8383fb1,LG-540,2,OTHER_EVENT:New Job(Queue A)
job-4b80ae709b,LG-540,2,OTHER_EVENT:New Job(Queue A)
job-15b5843177,LG-540,2,OTHER_EVENT:New Job(Queue A)
job-75be23b46c,LG-540,2,OTHER_EVENT:New Job(Queue A)
job-8385c88262,LG-540,2,OTHER_EVENT:New Job(Queue A)
job-9efb85f9c6,LG-540,2,DUPLICATE_SUMMARY;LG540_GLOSS_ONLY
job-9efb85f9c6,LG-540,14,DUPLICATE_SUMMARY;LG540_GLOSS_ONLY
job-8d5a0eccad,LG-540,4,DUPLICATE_SUMMARY;LG540_GLOSS_ONLY
job-0014833773,LG-540,4,DUPLICATE_SUMMARY;LG540_GLOSS_ONLY
job-9b6f9e55f3,LG-540,4,DUPLICATE_SUMMARY;LG540_GLOSS_ONLY
job-b380af4a1f,LG-540,4,DUPLICATE_SUMMARY;LG540_GLOSS_ONLY
job-b380af4a1f,LG-540,2,OTHER_EVENT:New Job(Queue A)
job-9efb85f9c6,LG-540,11,CANCELED
job-9efb85f9c6,LG-540,5,CANCELED
job-e787567f67,LG-540,12,DUPLICATE_SUMMARY;LG540_GLOSS_ONLY
job-e787567f67,LG-540,12,CANCELED
job-9efb85f9c6,LG-540,16,CANCELED
job-8d5a0eccad,LG-540,3,CANCELED
job-0014833773,LG-540,4,CANCELED
job-9b6f9e55f3,LG-540,4,CANCELED;FAILED
job-e787567f67,LG-540,16,CANCELED;FAILED
job-9b6f9e55f3,LG-540,2,OTHER_EVENT:New Job(Queue A)
job-0014833773,LG-540,2,OTHER_EVENT:New Job(Queue A)
job-8d5a0eccad,LG-540,2,OTHER_EVENT:New Job(Queue A)
job-9efb85f9c6,LG-540,12,CANCELED
job-9efb85f9c6,LG-540,4,CANCELED
job-e787567f67,LG-540,12,CANCELED
job-9efb85f9c6,LG-540,16,CANCELED
job-9efb85f9c6,LG-540,8,CANCELED
job-9efb85f9c6,LG-540,8,CANCELED
job-9efb85f9c6,LG-540,12,CANCELED
job-8d5a0eccad,LG-540,4,CANCELED
job-0014833773,LG-540,4,CANCELED
job-9b6f9e55f3,LG-540,4,CANCELED
job-5b552d71a1,LG-540,4,DUPLICATE_SUMMARY;LG540_GLOSS_ONLY
job-1a403527f9,LG-540,2,DUPLICATE_SUMMARY;LG540_GLOSS_ONLY
job-cfbf10f89f,LG-540,2,DUPLICATE_SUMMARY;LG540_GLOSS_ONLY
job-1a403527f9,LG-540,2,CANCELED
job-cfbf10f89f,LG-540,2,CANCELED
job-e787567f67,LG-540,6,CANCELED;DUPLICATE_SUMMARY;LG540_GLOSS_ONLY
job-e48b6923fc,LG-540,2,DUPLICATE_SUMMARY;LG540_GLOSS_ONLY
job-4e3f38d09c,LG-540,2,DUPLICATE_SUMMARY;LG540_GLOSS_ONLY
job-1a403527f9,LG-540,2,DUPLICATE_SUMMARY;LG540_GLOSS_ONLY
job-cfbf10f89f,LG-540,2,DUPLICATE_SUMMARY;LG540_GLOSS_ONLY
job-997a491236,LG-540,2,DUPLICATE_SUMMARY;LG540_GLOSS_ONLY
job-a6435b9174,LG-540,4,DUPLICATE_SUMMARY;LG540_GLOSS_ONLY
job-a7c91440a9,LG-540,4,DUPLICATE_SUMMARY;LG540_GLOSS_ONLY
job-32d518c955,LG-540,4,DUPLICATE_SUMMARY;LG540_GLOSS_ONLY
job-516cbfd767,LG-540,4,DUPLICATE_SUMMARY;LG540_GLOSS_ONLY
job-1bc1f1d106,LG-540,2,DUPLICATE_SUMMARY;LG540_GLOSS_ONLY
job-1bc1f1d106,LG-540,2,DUPLICATE_SUMMARY;LG540_GLOSS_ONLY
job-5ab1fd65a0,LG-540,4,DUPLICATE_SUMMARY;LG540_GLOSS_ONLY
job-1595ebc9fd,LG-540,2,DUPLICATE_SUMMARY;LG540_GLOSS_ONLY
job-dfc67eed01,LG-540,2,DUPLICATE_SUMMARY;LG540_GLOSS_ONLY
job-d8fdf105d8,LG-540,2,DUPLICATE_SUMMARY;LG540_GLOSS_ONLY
job-d8fdf105d8,LG-540,2,OTHER_EVENT:New Job(Queue A)
job-c3071fc3cd,LG-540,4,DUPLICATE_SUMMARY;LG540_GLOSS_ONLY
job-6cce018557,LG-540,2,OTHER_EVENT:New Job(Queue A)
job-eae3966d8d,LG-540,2,DUPLICATE_SUMMARY;LG540_GLOSS_ONLY
job-4120c1ad7a,LG-540,2,DUPLICATE_SUMMARY;LG540_GLOSS_ONLY
job-d8fdf105d8,LG-540,2,DUPLICATE_SUMMARY;LG540_GLOSS_ONLY
job-1b073e1661,LG-540,2,DUPLICATE_SUMMARY;LG540_GLOSS_ONLY
job-1b073e1661,LG-540,2,OTHER_EVENT:New Job(Queue A)
job-198583076a,LG-540,4,DUPLICATE_SUMMARY;LG540_GLOSS_ONLY
job-2f3e7a8e8a,LG-540,4,DUPLICATE_SUMMARY;LG540_GLOSS_ONLY
job-e296cb58d2,LG-540,4,DUPLICATE_SUMMARY;LG540_GLOSS_ONLY
job-3e85fdbd1d,LG-540,6,DUPLICATE_SUMMARY;LG540_GLOSS_ONLY
job-2f3e7a8e8a,LG-540,4,CANCELED
job-e296cb58d2,LG-540,2,CANCELED
job-e296cb58d2,LG-540,2,CANCELED
job-3e85fdbd1d,LG-540,6,CANCELED
job-291a19ea4b,LG-540,6,DUPLICATE_SUMMARY;LG540_GLOSS_ONLY
job-a3107b0fe2,LG-540,3,DUPLICATE_SUMMARY;LG540_GLOSS_ONLY
job-a3107b0fe2,LG-540,3,DUPLICATE_SUMMARY;LG540_CMYK_ONLY
job-a3107b0fe2,LG-540,2,OTHER_EVENT:New Job(Queue A)
job-c401152b97,LG-540,3,DUPLICATE_SUMMARY;LG540_CMYK_ONLY
job-cb87fc0414,LG-540,4,DUPLICATE_SUMMARY;LG540_GLOSS_ONLY
job-2c7896c932,LG-540,2,DUPLICATE_SUMMARY;LG540_GLOSS_ONLY
job-f8aafd8e73,LG-540,2,DUPLICATE_SUMMARY;LG540_GLOSS_ONLY
job-f8aafd8e73,LG-540,2,CANCELED
job-291a19ea4b,LG-540,4,DUPLICATE_SUMMARY;LG540_GLOSS_ONLY
job-291a19ea4b,LG-540,2,OTHER_EVENT:New Job(Queue A)
job-f8aafd8e73,LG-540,2,OTHER_EVENT:New Job(Queue A)
job-2c7896c932,LG-540,2,OTHER_EVENT:New Job(Queue A)
job-c401152b97,LG-540,2,OTHER_EVENT:New Job(Queue A)
job-a3107b0fe2,LG-540,6,CANCELED;LG540_CMYK_ONLY
job-1595ebc9fd,LG-540,2,DUPLICATE_SUMMARY;LG540_GLOSS_ONLY
job-2710f365a5,LG-540,3,OTHER_EVENT:New Job(Queue A)
job-9fcfa6a535,LG-540,4,DUPLICATE_SUMMARY;LG540_GLOSS_ONLY
job-19c1306492,LG-540,4,DUPLICATE_SUMMARY;LG540_GLOSS_ONLY
job-1b073e1661,LG-540,4,DUPLICATE_SUMMARY;LG540_GLOSS_ONLY
job-76bcbe409e,LG-540,2,DUPLICATE_SUMMARY;LG540_GLOSS_ONLY
job-76bcbe409e,LG-540,3,OTHER_EVENT:New Job(Queue A)
job-8e368a2992,LG-540,2,DUPLICATE_SUMMARY;LG540_GLOSS_ONLY
job-8e368a2992,LG-540,2,OTHER_EVENT:New Job(Queue A)
job-0017cf1a76,LG-540,2,DUPLICATE_SUMMARY;LG540_GLOSS_ONLY
job-408beaeed8,LG-540,2,DUPLICATE_SUMMARY;LG540_GLOSS_ONLY
job-e2f30ac29f,LG-540,2,DUPLICATE_SUMMARY;LG540_GLOSS_ONLY
job-8e368a2992,LG-540,2,DUPLICATE_SUMMARY;LG540_GLOSS_ONLY
job-ddb241664f,LG-540,2,DUPLICATE_SUMMARY;LG540_GLOSS_ONLY
job-d8276fa455,LG-540,2,DUPLICATE_SUMMARY;LG540_GLOSS_ONLY
job-76bcbe409e,LG-540,2,DUPLICATE_SUMMARY;LG540_GLOSS_ONLY
job-f910b7329a,LG-540,2,DUPLICATE_SUMMARY;LG540_GLOSS_ONLY
job-3e0cbce98f,LG-540,4,DUPLICATE_SUMMARY;LG540_GLOSS_ONLY
job-67cc2beda4,LG-540,4,DUPLICATE_SUMMARY;LG540_GLOSS_ONLY
job-3e0cbce98f,LG-540,4,CANCELED
job-67cc2beda4,LG-540,4,CANCELED;FAILED
job-660ee5de95,LG-540,6,DUPLICATE_SUMMARY;LG540_GLOSS_ONLY
job-660ee5de95,LG-540,2,OTHER_EVENT:New Job(Queue A)
job-67cc2beda4,LG-540,2,OTHER_EVENT:New Job(Queue A)
job-3e0cbce98f,LG-540,2,OTHER_EVENT:New Job(Queue A)
job-3e0cbce98f,LG-540,4,CANCELED
job-67cc2beda4,LG-540,4,CANCELED
job-660ee5de95,LG-540,6,CANCELED;LG540_CMYK_ONLY
job-49a653d306,LG-540,2,DUPLICATE_SUMMARY;LG540_GLOSS_ONLY
job-5c674405e6,LG-540,2,DUPLICATE_SUMMARY;LG540_GLOSS_ONLY
job-7d7c3914d8,LG-540,2,DUPLICATE_SUMMARY;LG540_GLOSS_ONLY
job-b8fc02165e,LG-540,2,DUPLICATE_SUMMARY;LG540_GLOSS_ONLY
job-c947f5e3a7,LG-540,2,DUPLICATE_SUMMARY;LG540_GLOSS_ONLY
job-615d1b702a,LG-540,2,DUPLICATE_SUMMARY;LG540_GLOSS_ONLY
job-49a653d306,LG-540,2,CANCELED
job-5c674405e6,LG-540,2,CANCELED
job-7d7c3914d8,LG-540,2,CANCELED
job-b8fc02165e,LG-540,2,CANCELED
job-c947f5e3a7,LG-540,2,CANCELED
job-615d1b702a,LG-540,2,CANCELED
job-330c640941,LG-540,2,DUPLICATE_SUMMARY;LG540_GLOSS_ONLY
job-57282493b3,LG-540,2,DUPLICATE_SUMMARY;LG540_GLOSS_ONLY
job-37334d1615,LG-540,2,DUPLICATE_SUMMARY;LG540_GLOSS_ONLY
job-4e88a8c25d,LG-540,2,DUPLICATE_SUMMARY;LG540_GLOSS_ONLY
job-75de71d6f1,LG-540,2,DUPLICATE_SUMMARY;LG540_GLOSS_ONLY
job-069b9f74a8,LG-540,2,DUPLICATE_SUMMARY;LG540_GLOSS_ONLY
job-e9a9147be3,LG-540,2,DUPLICATE_SUMMARY;LG540_GLOSS_ONLY
job-be37a52464,LG-540,2,DUPLICATE_SUMMARY;LG540_GLOSS_ONLY
job-7677f0ba22,LG-540,2,DUPLICATE_SUMMARY;LG540_GLOSS_ONLY
job-2b8f59dda3,LG-540,2,DUPLICATE_SUMMARY;LG540_GLOSS_ONLY
job-1d56fae9b4,LG-540,2,DUPLICATE_SUMMARY;LG540_GLOSS_ONLY
job-aa42413d1b,LG-540,2,DUPLICATE_SUMMARY;LG540_GLOSS_ONLY
job-aa42413d1b,LG-540,2,CANCELED
job-7d1ddc9cdb,LG-540,2,DUPLICATE_SUMMARY;LG540_GLOSS_ONLY
job-29c9fa4646,LG-540,2,DUPLICATE_SUMMARY;LG540_GLOSS_ONLY
job-ad87f05369,LG-540,2,DUPLICATE_SUMMARY;LG540_GLOSS_ONLY
job-ad87f05369,LG-540,2,OTHER_EVENT:New Job(Queue A)
job-0c452797a4,LG-540,12,DUPLICATE_SUMMARY;LG540_GLOSS_ONLY
job-0c452797a4,LG-540,6,CANCELED
job-0c452797a4,LG-540,14,CANCELED;DUPLICATE_SUMMARY;FAILED;LG540_GLOSS_ONLY
job-02b859a0af,LG-540,4,DUPLICATE_SUMMARY;LG540_GLOSS_ONLY
job-9ffd1fa8fb,LG-540,4,DUPLICATE_SUMMARY;LG540_GLOSS_ONLY
job-799bd32da2,LG-540,4,DUPLICATE_SUMMARY;LG540_GLOSS_ONLY
job-d8a40a7441,LG-540,4,DUPLICATE_SUMMARY;LG540_GLOSS_ONLY
job-5869ccf4e0,LG-540,4,DUPLICATE_SUMMARY;LG540_GLOSS_ONLY
job-0c452797a4,LG-540,20,CANCELED
job-5869ccf4e0,LG-540,2,CANCELED
job-02b859a0af,LG-540,4,CANCELED
job-9ffd1fa8fb,LG-540,4,CANCELED
job-799bd32da2,LG-540,4,CANCELED
job-d8a40a7441,LG-540,4,CANCELED
job-5869ccf4e0,LG-540,2,DUPLICATE_SUMMARY;LG540_GLOSS_ONLY
job-5869ccf4e0,LG-540,2,OTHER_EVENT:New Job(Queue A)
job-4d788bf888,LG-540,2,CANCELED
job-4d788bf888,LG-540,2,OTHER_EVENT:New Job(Queue A)
job-123b1fa48a,LG-540,2,DUPLICATE_SUMMARY;LG540_GLOSS_ONLY
job-123b1fa48a,LG-540,3,OTHER_EVENT:New Job(Queue A)
job-27914e5294,LG-540,2,DUPLICATE_SUMMARY;LG540_GLOSS_ONLY
job-60944a1c3f,LG-540,4,DUPLICATE_SUMMARY;LG540_GLOSS_ONLY
job-2b2132758a,LG-540,4,DUPLICATE_SUMMARY;LG540_GLOSS_ONLY
job-73d33e8c28,LG-540,4,DUPLICATE_SUMMARY;LG540_GLOSS_ONLY
job-7a0a3cacdb,LG-540,4,DUPLICATE_SUMMARY;LG540_GLOSS_ONLY
job-83d7c396e5,LG-540,4,DUPLICATE_SUMMARY;LG540_GLOSS_ONLY
job-ad87f05369,LG-540,14,DUPLICATE_SUMMARY;LG540_GLOSS_ONLY
job-60944a1c3f,LG-540,4,CANCELED
job-2b2132758a,LG-540,4,CANCELED
job-73d33e8c28,LG-540,4,CANCELED
job-7a0a3cacdb,LG-540,4,CANCELED
job-83d7c396e5,LG-540,3,CANCELED
job-83d7c396e5,LG-540,2,OTHER_EVENT:New Job(Queue A)
job-7a0a3cacdb,LG-540,2,OTHER_EVENT:New Job(Queue A)
job-73d33e8c28,LG-540,2,OTHER_EVENT:New Job(Queue A)
job-2b2132758a,LG-540,2,OTHER_EVENT:New Job(Queue A)
job-60944a1c3f,LG-540,2,OTHER_EVENT:New Job(Queue A)
job-ad87f05369,LG-540,11,CANCELED
job-ad87f05369,LG-540,9,CANCELED;DUPLICATE_SUMMARY;LG540_GLOSS_ONLY
job-ad87f05369,LG-540,20,CANCELED
job-83d7c396e5,LG-540,4,CANCELED
job-60944a1c3f,LG-540,4,CANCELED
job-2b2132758a,LG-540,4,CANCELED
job-73d33e8c28,LG-540,4,CANCELED
job-7a0a3cacdb,LG-540,4,CANCELED;DUPLICATE_SUMMARY;LG540_CMYK_ONLY
job-4e9a5c4de9,LG-540,2,DUPLICATE_SUMMARY;LG540_GLOSS_ONLY
job-f6c3305972,LG-540,2,DUPLICATE_SUMMARY;LG540_GLOSS_ONLY
job-123b1fa48a,LG-540,2,DUPLICATE_SUMMARY;LG540_GLOSS_ONLY
job-449278b9e6,LG-540,2,DUPLICATE_SUMMARY;LG540_GLOSS_ONLY
job-449278b9e6,LG-540,2,OTHER_EVENT:New Job(Queue A)
job-75bb3a58aa,LG-540,2,DUPLICATE_SUMMARY;LG540_GLOSS_ONLY
job-af076b3c6d,LG-540,2,DUPLICATE_SUMMARY;LG540_GLOSS_ONLY
job-543bac7c80,LG-540,2,DUPLICATE_SUMMARY;LG540_GLOSS_ONLY
job-543bac7c80,LG-540,2,CANCELED;OTHER_EVENT:Print Start
job-af076b3c6d,LG-540,2,OTHER_EVENT:New Job(Queue A)
job-75bb3a58aa,LG-540,2,OTHER_EVENT:New Job(Queue A)
job-543bac7c80,LG-540,2,CANCELED;FAILED
job-543bac7c80,LG-540,2,OTHER_EVENT:New Job(Queue A)
job-af076b3c6d,LG-540,2,CANCELED;OTHER_EVENT:Print Start
job-123b1fa48a,LG-540,2,OTHER_EVENT:Print Start
job-449278b9e6,LG-540,2,OTHER_EVENT:Print Start
job-75bb3a58aa,LG-540,2,OTHER_EVENT:Print Start
job-af076b3c6d,LG-540,2,OTHER_EVENT:Print Start
job-543bac7c80,LG-540,2,CANCELED;OTHER_EVENT:Print Start
job-123b1fa48a,LG-540,2,CANCELED
job-449278b9e6,LG-540,2,CANCELED
job-75bb3a58aa,LG-540,2,CANCELED
job-af076b3c6d,LG-540,2,CANCELED
job-543bac7c80,LG-540,2,CANCELED;OTHER_EVENT:Print Start
job-123b1fa48a,LG-540,2,CANCELED
job-449278b9e6,LG-540,2,CANCELED
job-e3b0c44298,LG-540,2,FAILED
job-75bb3a58aa,LG-540,2,CANCELED
job-af076b3c6d,LG-540,2,CANCELED
job-543bac7c80,LG-540,2,FAILED;LG540_CMYK_ONLY
job-6e9e83fa59,LG-540,2,DUPLICATE_SUMMARY;LG540_GLOSS_ONLY
job-88eb09bf6e,LG-540,2,DUPLICATE_SUMMARY;LG540_GLOSS_ONLY
job-c2364036e6,LG-540,2,DUPLICATE_SUMMARY;LG540_GLOSS_ONLY
job-b40b3c1146,LG-540,2,DUPLICATE_SUMMARY;LG540_GLOSS_ONLY
job-3235d6bb90,LG-540,2,DUPLICATE_SUMMARY;LG540_GLOSS_ONLY
job-ba2aa32ff3,LG-540,2,DUPLICATE_SUMMARY;LG540_GLOSS_ONLY
job-1fc214962e,LG-540,2,OTHER_EVENT:RIP End
job-1eac7a920c,LG-540,2,DUPLICATE_SUMMARY;LG540_GLOSS_ONLY
job-fba9c11ab8,LG-540,2,DUPLICATE_SUMMARY;LG540_GLOSS_ONLY
job-fba9c11ab8,LG-540,2,DUPLICATE_SUMMARY;LG540_GLOSS_ONLY
job-cf27938e14,LG-540,2,DUPLICATE_SUMMARY;LG540_GLOSS_ONLY
job-cf27938e14,LG-540,2,DUPLICATE_SUMMARY;LG540_GLOSS_ONLY
job-c151c45d3c,LG-540,2,DUPLICATE_SUMMARY;LG540_GLOSS_ONLY
job-c151c45d3c,LG-540,2,DUPLICATE_SUMMARY;LG540_GLOSS_ONLY
job-c151c45d3c,LG-540,2,OTHER_EVENT:New Job(Queue A)
job-3fbf7fc767,LG-540,2,OTHER_EVENT:New Job(Queue A)
job-0d48c323b3,LG-540,2,OTHER_EVENT:New Job(Queue A)
job-a0e957143e,LG-540,2,DUPLICATE_SUMMARY;LG540_GLOSS_ONLY
job-a0e957143e,LG-540,2,OTHER_EVENT:New Job(Queue A)
job-c97eb9dfe7,LG-540,2,DUPLICATE_SUMMARY;LG540_GLOSS_ONLY
job-69683003dc,LG-540,2,DUPLICATE_SUMMARY;LG540_GLOSS_ONLY
job-df2555de1b,LG-540,2,DUPLICATE_SUMMARY;LG540_GLOSS_ONLY
job-69683003dc,LG-540,2,DUPLICATE_SUMMARY;LG540_GLOSS_ONLY
job-df2555de1b,LG-540,2,DUPLICATE_SUMMARY;LG540_GLOSS_ONLY
job-dd91adb17f,LG-540,2,DUPLICATE_SUMMARY;LG540_GLOSS_ONLY
job-0d48c323b3,LG-540,4,CANCELED
job-0d48c323b3,LG-540,2,CANCELED
job-3fbf7fc767,LG-540,6,CANCELED
job-c151c45d3c,LG-540,6,CANCELED
job-dd91adb17f,LG-540,2,CANCELED;FAILED
job-ae13658ff9,LG-540,2,DUPLICATE_SUMMARY;LG540_GLOSS_ONLY
job-07ffa14c82,LG-540,2,DUPLICATE_SUMMARY;LG540_GLOSS_ONLY
job-a0e957143e,LG-540,2,DUPLICATE_SUMMARY;LG540_GLOSS_ONLY
job-7dd10fa339,LG-540,2,DUPLICATE_SUMMARY;LG540_GLOSS_ONLY
job-cb420a1bb3,LG-540,6,DUPLICATE_SUMMARY;LG540_GLOSS_ONLY
job-df2555de1b,LG-540,4,DUPLICATE_SUMMARY;LG540_GLOSS_ONLY
job-df2555de1b,LG-540,2,DUPLICATE_SUMMARY;LG540_GLOSS_ONLY
job-df2555de1b,LG-540,2,OTHER_EVENT:New Job(Queue A)
job-df2555de1b,LG-540,2,CANCELED
job-df2555de1b,LG-540,4,CANCELED
job-9dadd20eb3,LG-540,2,DUPLICATE_SUMMARY;LG540_GLOSS_ONLY
job-4a4e832fc6,LG-540,2,DUPLICATE_SUMMARY;LG540_GLOSS_ONLY
job-4a4e832fc6,LG-540,2,OTHER_EVENT:New Job(Queue A)
job-9dadd20eb3,LG-540,3,OTHER_EVENT:New Job(Queue A)
job-f48b67d32d,LG-540,2,DUPLICATE_SUMMARY;LG540_GLOSS_ONLY
job-140e88fc0a,LG-540,2,DUPLICATE_SUMMARY;LG540_GLOSS_ONLY
job-79d09f2bca,LG-540,2,DUPLICATE_SUMMARY;LG540_GLOSS_ONLY
job-8d767b8433,LG-540,2,DUPLICATE_SUMMARY;LG540_GLOSS_ONLY
job-b043bab0c1,LG-540,2,DUPLICATE_SUMMARY;LG540_GLOSS_ONLY
job-ad3fe33e4c,LG-540,2,DUPLICATE_SUMMARY;LG540_GLOSS_ONLY
job-9db4eb4efc,LG-540,2,DUPLICATE_SUMMARY;LG540_GLOSS_ONLY
job-0b75b408db,LG-540,2,DUPLICATE_SUMMARY;LG540_GLOSS_ONLY
job-1c76adae21,LG-540,2,DUPLICATE_SUMMARY;LG540_GLOSS_ONLY
job-27b42370e9,LG-540,2,DUPLICATE_SUMMARY;LG540_GLOSS_ONLY
job-1c76adae21,LG-540,3,OTHER_EVENT:New Job(Queue A)
job-05d094eb50,LG-540,2,DUPLICATE_SUMMARY;LG540_GLOSS_ONLY
job-bc10eb8758,LG-540,2,DUPLICATE_SUMMARY;LG540_GLOSS_ONLY
job-4e8bf89d95,LG-540,3,OTHER_EVENT:New Job(Queue A)
job-525826ae0d,LG-540,3,OTHER_EVENT:New Job(Queue A)
job-05d094eb50,LG-540,2,OTHER_EVENT:New Job(Queue A)
job-ad3fe33e4c,LG-540,2,OTHER_EVENT:New Job(Queue A)
job-8d767b8433,LG-540,2,OTHER_EVENT:New Job(Queue A)
job-0b75b408db,LG-540,2,OTHER_EVENT:New Job(Queue A)
job-140e88fc0a,LG-540,2,OTHER_EVENT:New Job(Queue A)
job-525826ae0d,LG-540,2,DUPLICATE_SUMMARY;LG540_GLOSS_ONLY
job-e6b4629301,LG-540,2,DUPLICATE_SUMMARY;LG540_GLOSS_ONLY
job-4e8bf89d95,LG-540,2,DUPLICATE_SUMMARY;LG540_GLOSS_ONLY
job-2c35fd6ba4,LG-540,2,DUPLICATE_SUMMARY;LG540_GLOSS_ONLY
job-7ea6f8fa8b,LG-540,2,DUPLICATE_SUMMARY;LG540_GLOSS_ONLY
job-e4bf6ffd6c,LG-540,2,DUPLICATE_SUMMARY;LG540_GLOSS_ONLY
job-d5deaed5e3,LG-540,2,DUPLICATE_SUMMARY;LG540_GLOSS_ONLY
job-edfc82dc43,LG-540,2,DUPLICATE_SUMMARY;LG540_GLOSS_ONLY
job-d6e06a7e9d,LG-540,2,DUPLICATE_SUMMARY;LG540_GLOSS_ONLY
job-d5deaed5e3,LG-540,2,CANCELED
job-edfc82dc43,LG-540,2,CANCELED
job-d6e06a7e9d,LG-540,2,CANCELED
job-51ed24b966,LG-540,2,CANCELED
job-09810f22c2,LG-540,2,DUPLICATE_SUMMARY;LG540_GLOSS_ONLY
job-cb902c8cd0,LG-540,2,DUPLICATE_SUMMARY;LG540_GLOSS_ONLY
job-cc8a6e8d86,LG-540,4,OTHER_EVENT:New Job(Queue A)
job-62b7b95522,LG-540,4,OTHER_EVENT:New Job(Queue A)
job-a69cc51e58,LG-540,4,OTHER_EVENT:New Job(Queue A)
job-da06dd0f26,LG-540,4,OTHER_EVENT:New Job(Queue A)
job-4524b4246b,LG-540,4,OTHER_EVENT:New Job(Queue A)
job-e6d9573ac3,LG-540,4,OTHER_EVENT:New Job(Queue A)
job-90de8c499e,LG-540,4,OTHER_EVENT:New Job(Queue A)
job-7a011dde5e,LG-540,4,OTHER_EVENT:New Job(Queue A)
job-eacf46222c,LG-540,4,OTHER_EVENT:New Job(Queue A)
job-3d6a382f3c,LG-540,4,OTHER_EVENT:New Job(Queue A)
job-62af0a7207,LG-540,4,OTHER_EVENT:New Job(Queue A)
job-9c5c8fda68,LG-540,4,OTHER_EVENT:New Job(Queue A)
job-7400ca5cfa,LG-540,4,OTHER_EVENT:New Job(Queue A)
job-360d710ce3,LG-540,4,OTHER_EVENT:New Job(Queue A)
job-e951e55ac8,LG-540,4,OTHER_EVENT:New Job(Queue A)
job-f352c98835,LG-540,4,OTHER_EVENT:New Job(Queue A)
job-8c7b745fd8,LG-540,4,OTHER_EVENT:New Job(Queue A)
job-2f8acf5b1d,LG-540,4,OTHER_EVENT:New Job(Queue A)
job-1fe2b714f2,LG-540,4,OTHER_EVENT:New Job(Queue A)
job-f8011075dc,LG-540,4,OTHER_EVENT:New Job(Queue A)
job-1649a2f42f,LG-540,2,OTHER_EVENT:New Job(Queue A)
job-c214dbfcc6,LG-540,3,OTHER_EVENT:New Job(Queue A)
job-0e84c45b60,LG-540,3,OTHER_EVENT:New Job(Queue A)
job-7c24311536,LG-540,2,OTHER_EVENT:New Job(Queue A)
job-4a506d302c,LG-540,2,OTHER_EVENT:New Job(Queue A)
job-b63e4e74c5,LG-540,2,OTHER_EVENT:New Job(Queue A)
job-d402e86099,LG-540,2,OTHER_EVENT:New Job(Queue A)
job-dce268fe72,LG-540,2,OTHER_EVENT:New Job(Queue A)
job-375d303324,LG-540,2,OTHER_EVENT:New Job(Queue A)
job-99cf0e760a,LG-540,2,OTHER_EVENT:New Job(Queue A)
job-c197584bad,LG-540,2,OTHER_EVENT:New Job(Queue A)
job-4f13da378d,LG-540,2,OTHER_EVENT:New Job(Queue A)
job-7e68145f66,LG-540,2,OTHER_EVENT:New Job(Queue A)
job-ee24556988,LG-540,2,OTHER_EVENT:New Job(Queue A)
job-a4213f15dc,LG-540,2,OTHER_EVENT:New Job(Queue A)
job-b7094f87e2,LG-540,2,OTHER_EVENT:New Job(Queue A)
job-f2ea5c3700,LG-540,2,OTHER_EVENT:New Job(Queue A)
job-59d20f224b,LG-540,2,OTHER_EVENT:New Job(Queue A)
job-af88bc6a6a,LG-540,2,OTHER_EVENT:New Job(Queue A)
job-d9a27959de,LG-540,2,OTHER_EVENT:New Job(Queue A)
job-4a6d685568,LG-540,2,OTHER_EVENT:New Job(Queue A)
job-b604faa3e4,LG-540,2,OTHER_EVENT:New Job(Queue A)
job-b24dcb0c32,LG-540,2,OTHER_EVENT:New Job(Queue A)
job-01a04b9bd4,LG-540,2,OTHER_EVENT:New Job(Queue A)
job-26f41067f8,LG-540,2,OTHER_EVENT:New Job(Queue A)
job-cfa5a32e2b,LG-540,2,OTHER_EVENT:New Job(Queue A)
job-293eef9cd0,LG-540,2,OTHER_EVENT:New Job(Queue A)
job-a4cbaf44ec,LG-540,2,OTHER_EVENT:New Job(Queue A)
job-ce4efc6a33,LG-540,2,OTHER_EVENT:New Job(Queue A)
job-19a489ac14,LG-540,2,OTHER_EVENT:New Job(Queue A)
job-27c3326395,LG-540,2,CANCELED
job-fa918fe92d,LG-540,2,CANCELED
job-4aa379a154,LG-540,2,CANCELED
job-2335bc2591,LG-540,2,CANCELED
job-2bdfb73cce,LG-540,2,CANCELED
job-89c467b184,LG-540,2,FAILED;LG540_CMYK_ONLY
job-d5deaed5e3,LG-540,2,DUPLICATE_SUMMARY;LG540_GLOSS_ONLY
job-3d6aff31d9,LG-540,2,DUPLICATE_SUMMARY;LG540_GLOSS_ONLY
job-3d6aff31d9,LG-540,2,DUPLICATE_SUMMARY;LG540_GLOSS_ONLY
job-3d6aff31d9,LG-540,4,CANCELED;DUPLICATE_SUMMARY;FAILED;LG540_GLOSS_ONLY
job-62c634f242,LG-540,2,CANCELED
job-bfbb0cc8d3,LG-540,2,CANCELED
job-cb98972133,LG-540,2,CANCELED;FAILED
job-cc7c0eecc9,LG-540,2,DUPLICATE_SUMMARY;LG540_GLOSS_ONLY
job-62c634f242,LG-540,2,CANCELED
job-bfbb0cc8d3,LG-540,2,CANCELED
job-cb98972133,LG-540,2,CANCELED
job-62c634f242,LG-540,2,CANCELED
job-bfbb0cc8d3,LG-540,2,CANCELED
job-cb98972133,LG-540,2,CANCELED
job-cc7c0eecc9,LG-540,2,CANCELED;FAILED
job-2f73dabc7a,LG-540,2,CANCELED
job-bd56c1cfaa,LG-540,2,CANCELED
job-991a1f3dca,LG-540,2,CANCELED
job-49ce897654,LG-540,2,CANCELED;LG540_CMYK_ONLY
job-b433b74062,LG-540,3,OTHER_EVENT:New Job(Queue A)
job-bc0056ceec,LG-540,3,OTHER_EVENT:New Job(Queue A)
job-bc0056ceec,LG-540,2,CANCELED
job-b433b74062,LG-540,2,CANCELED
job-2f73dabc7a,LG-540,2,CANCELED
job-bd56c1cfaa,LG-540,2,CANCELED
job-991a1f3dca,LG-540,2,CANCELED
job-368c67a013,LG-540,2,CANCELED
job-49ce897654,LG-540,2,CANCELED
job-b4b2ab269b,LG-540,2,DUPLICATE_SUMMARY;LG540_GLOSS_ONLY
job-2c69d9086f,LG-540,2,DUPLICATE_SUMMARY;LG540_GLOSS_ONLY
job-e081d1da30,LG-540,2,DUPLICATE_SUMMARY;LG540_GLOSS_ONLY
job-e5d198505d,LG-540,2,DUPLICATE_SUMMARY;LG540_GLOSS_ONLY
job-5aca95527c,LG-540,2,DUPLICATE_SUMMARY;LG540_GLOSS_ONLY
job-c3a9daf20a,LG-540,2,DUPLICATE_SUMMARY;LG540_GLOSS_ONLY
job-6499fb7a51,LG-540,2,DUPLICATE_SUMMARY;LG540_GLOSS_ONLY
job-dfa84d75de,LG-540,2,DUPLICATE_SUMMARY;LG540_GLOSS_ONLY
job-d72fa6c616,LG-540,2,DUPLICATE_SUMMARY;LG540_GLOSS_ONLY
job-ccff67481d,LG-540,2,DUPLICATE_SUMMARY;LG540_GLOSS_ONLY
job-2a57cec08a,LG-540,2,DUPLICATE_SUMMARY;LG540_GLOSS_ONLY
job-b2ed7160ce,LG-540,2,DUPLICATE_SUMMARY;LG540_GLOSS_ONLY
job-74c3410e78,LG-540,2,DUPLICATE_SUMMARY;LG540_GLOSS_ONLY
job-33ebab3191,LG-540,2,DUPLICATE_SUMMARY;LG540_GLOSS_ONLY
job-49cac6115e,LG-540,2,DUPLICATE_SUMMARY;LG540_GLOSS_ONLY
job-43e9a4b54d,LG-540,2,DUPLICATE_SUMMARY;LG540_GLOSS_ONLY
job-c26e0f90a1,LG-540,2,DUPLICATE_SUMMARY;LG540_GLOSS_ONLY
job-356c92e3ea,LG-540,2,DUPLICATE_SUMMARY;LG540_GLOSS_ONLY
job-1c0c532b87,LG-540,2,DUPLICATE_SUMMARY;LG540_GLOSS_ONLY
job-e081d1da30,LG-540,2,CANCELED
job-e5d198505d,LG-540,2,CANCELED
job-5aca95527c,LG-540,2,CANCELED
job-c3a9daf20a,LG-540,2,CANCELED
job-6499fb7a51,LG-540,2,CANCELED
job-dfa84d75de,LG-540,2,CANCELED
job-d72fa6c616,LG-540,2,CANCELED
job-ccff67481d,LG-540,2,CANCELED
job-2a57cec08a,LG-540,2,CANCELED
job-b2ed7160ce,LG-540,2,CANCELED
job-74c3410e78,LG-540,2,CANCELED
job-33ebab3191,LG-540,2,CANCELED
job-49cac6115e,LG-540,2,CANCELED
job-43e9a4b54d,LG-540,2,CANCELED
job-c26e0f90a1,LG-540,2,CANCELED
job-356c92e3ea,LG-540,2,CANCELED
job-1c0c532b87,LG-540,2,CANCELED;FAILED
job-9ca77f389b,LG-540,2,DUPLICATE_SUMMARY;LG540_GLOSS_ONLY
job-8ce824e306,LG-540,2,DUPLICATE_SUMMARY;LG540_GLOSS_ONLY
job-94a57a5256,LG-540,2,DUPLICATE_SUMMARY;LG540_GLOSS_ONLY
job-b8c5871c8f,LG-540,2,OTHER_EVENT:New Job(Queue A)
job-ff564070ec,LG-540,2,OTHER_EVENT:New Job(Queue A)
job-657873af4b,LG-540,2,OTHER_EVENT:New Job(Queue A)
job-846cdfdde8,LG-540,2,OTHER_EVENT:New Job(Queue A)
job-0e79a1a24a,LG-540,2,OTHER_EVENT:New Job(Queue A)
job-8fa04cdb2e,LG-540,4,DUPLICATE_SUMMARY;LG540_GLOSS_ONLY
job-168ee3f759,LG-540,4,DUPLICATE_SUMMARY;LG540_GLOSS_ONLY
job-3c921896c8,LG-540,2,CANCELED;LG540_CMYK_ONLY
job-4e516203d4,LG-540,2,OTHER_EVENT:New Job(Queue A)
job-3c921896c8,LG-540,2,CANCELED;LG540_CMYK_WHITE_COMBINED
job-4c06c7239f,LG-540,2,DUPLICATE_SUMMARY;LG540_GLOSS_ONLY
job-af73acc382,LG-540,2,DUPLICATE_SUMMARY;LG540_GLOSS_ONLY
job-af73acc382,LG-540,2,CANCELED
job-175f1d02b6,LG-540,2,OTHER_EVENT:New Job(Queue A)
job-68d6f48e5f,LG-540,2,OTHER_EVENT:New Job(Queue A)
job-47c5898310,LG-540,2,OTHER_EVENT:New Job(Queue A)
job-72fa63470a,LG-540,2,OTHER_EVENT:New Job(Queue A)
job-337616be3b,LG-540,2,OTHER_EVENT:New Job(Queue A)
job-6df0c7ebe5,LG-540,2,OTHER_EVENT:New Job(Queue A)
job-285600caca,LG-540,2,OTHER_EVENT:New Job(Queue A)
job-f39350c6c4,LG-540,2,OTHER_EVENT:New Job(Queue A)
job-5a93d5d26c,LG-540,2,OTHER_EVENT:New Job(Queue A)
job-331af354ab,LG-540,2,OTHER_EVENT:New Job(Queue A)
job-4fc4569c56,LG-540,2,OTHER_EVENT:New Job(Queue A)
job-f1e50f65d0,LG-540,2,OTHER_EVENT:New Job(Queue A)
job-a2918b021c,LG-540,2,OTHER_EVENT:New Job(Queue A)
job-07693a0404,LG-540,2,OTHER_EVENT:New Job(Queue A)
job-4f3c1403ad,LG-540,2,OTHER_EVENT:New Job(Queue A)
job-eb5811c838,LG-540,2,OTHER_EVENT:New Job(Queue A)
job-9955184644,LG-540,4,DUPLICATE_SUMMARY;LG540_GLOSS_ONLY
job-c25cad0acb,LG-540,4,DUPLICATE_SUMMARY;LG540_GLOSS_ONLY
job-2710f365a5,LG-540,2,DUPLICATE_SUMMARY;LG540_GLOSS_ONLY
job-2710f365a5,LG-540,2,DUPLICATE_SUMMARY;LG540_GLOSS_ONLY
job-e35820adcc,LG-540,2,DUPLICATE_SUMMARY;LG540_GLOSS_ONLY
job-e35820adcc,LG-540,2,CANCELED
job-e35820adcc,LG-540,2,OTHER_EVENT:New Job(Queue A)
job-126f996d17,LG-540,2,DUPLICATE_SUMMARY;LG540_GLOSS_ONLY
job-b380af4a1f,LG-540,2,DUPLICATE_SUMMARY;LG540_GLOSS_ONLY
job-486d7bd1fd,LG-540,2,DUPLICATE_SUMMARY;LG540_GLOSS_ONLY
job-b3817f7e4c,LG-540,4,DUPLICATE_SUMMARY;LG540_GLOSS_ONLY
job-d677d3c24c,LG-540,4,DUPLICATE_SUMMARY;LG540_GLOSS_ONLY
job-d677d3c24c,LG-540,3,OTHER_EVENT:New Job(Queue A)
job-b3817f7e4c,LG-540,3,OTHER_EVENT:New Job(Queue A)
job-6cab299149,LG-540,2,OTHER_EVENT:New Job(Queue A)
job-126f996d17,LG-540,2,DUPLICATE_SUMMARY;LG540_GLOSS_ONLY
job-b380af4a1f,LG-540,2,DUPLICATE_SUMMARY;LG540_GLOSS_ONLY
job-486d7bd1fd,LG-540,2,DUPLICATE_SUMMARY;LG540_GLOSS_ONLY
job-e35820adcc,LG-540,2,DUPLICATE_SUMMARY;LG540_GLOSS_ONLY
job-b380af4a1f,LG-540,2,DUPLICATE_SUMMARY;LG540_GLOSS_ONLY
job-486d7bd1fd,LG-540,2,DUPLICATE_SUMMARY;LG540_GLOSS_ONLY
job-e35820adcc,LG-540,2,DUPLICATE_SUMMARY;LG540_GLOSS_ONLY
job-126f996d17,LG-540,2,DUPLICATE_SUMMARY;LG540_GLOSS_ONLY
job-b380af4a1f,LG-540,2,DUPLICATE_SUMMARY;LG540_GLOSS_ONLY
job-486d7bd1fd,LG-540,2,DUPLICATE_SUMMARY;LG540_GLOSS_ONLY
job-e35820adcc,LG-540,2,DUPLICATE_SUMMARY;LG540_GLOSS_ONLY
job-126f996d17,LG-540,2,CANCELED
job-126f996d17,LG-540,2,OTHER_EVENT:New Job(Queue A)
job-b380af4a1f,LG-540,4,CANCELED
job-486d7bd1fd,LG-540,4,CANCELED
job-e35820adcc,LG-540,4,CANCELED
job-b3817f7e4c,LG-540,4,DUPLICATE_SUMMARY;LG540_GLOSS_ONLY
job-d677d3c24c,LG-540,4,DUPLICATE_SUMMARY;LG540_GLOSS_ONLY
job-b380af4a1f,LG-540,4,CANCELED
job-486d7bd1fd,LG-540,2,CANCELED
job-486d7bd1fd,LG-540,2,CANCELED
job-e35820adcc,LG-540,2,CANCELED
job-e35820adcc,LG-540,2,CANCELED
job-b3817f7e4c,LG-540,4,CANCELED
job-d677d3c24c,LG-540,4,CANCELED
job-b3817f7e4c,LG-540,4,CANCELED
job-126f996d17,LG-540,4,DUPLICATE_SUMMARY;LG540_GLOSS_ONLY
job-126f996d17,LG-540,2,CANCELED
job-126f996d17,LG-540,2,CANCELED
job-d677d3c24c,LG-540,2,CANCELED
job-d677d3c24c,LG-540,2,CANCELED;LG540_CMYK_ONLY
job-380febe5fe,LG-540,4,DUPLICATE_SUMMARY;LG540_GLOSS_ONLY
job-e4466435e9,LG-540,2,DUPLICATE_SUMMARY;LG540_GLOSS_ONLY
job-380febe5fe,LG-540,4,CANCELED
job-e4466435e9,LG-540,2,CANCELED;OTHER_EVENT:Print Start
job-380febe5fe,LG-540,4,CANCELED
job-e4466435e9,LG-540,2,CANCELED
job-380febe5fe,LG-540,4,CANCELED
job-380febe5fe,LG-540,4,CANCELED
job-380febe5fe,LG-540,2,OTHER_EVENT:New Job(Queue A)
job-33aa43d47e,LG-540,2,DUPLICATE_SUMMARY;LG540_GLOSS_ONLY
job-5fd19322d7,LG-540,2,DUPLICATE_SUMMARY;LG540_GLOSS_ONLY
job-5fd19322d7,LG-540,2,CANCELED
job-024d373fbc,LG-540,2,DUPLICATE_SUMMARY;LG540_GLOSS_ONLY
job-6ae078c064,LG-540,3,OTHER_EVENT:New Job(Queue A)
job-30b2224a3d,LG-540,3,OTHER_EVENT:New Job(Queue A)
job-ae2b48b2e3,LG-540,3,OTHER_EVENT:New Job(Queue A)
job-0a9074d538,LG-540,3,OTHER_EVENT:New Job(Queue A)
job-8646db1fb7,LG-540,3,OTHER_EVENT:New Job(Queue A)
job-5d1661367a,LG-540,3,OTHER_EVENT:New Job(Queue A)
job-1aea9fb61e,LG-540,3,OTHER_EVENT:New Job(Queue A)
job-5a40dc80ff,LG-540,3,OTHER_EVENT:New Job(Queue A)
job-47ed2f9b1c,LG-540,3,OTHER_EVENT:New Job(Queue A)
job-bd2c9d9c95,LG-540,4,DUPLICATE_SUMMARY;LG540_GLOSS_ONLY
job-5e7902abc0,LG-540,4,DUPLICATE_SUMMARY;LG540_GLOSS_ONLY
job-c65e7b9277,LG-540,4,DUPLICATE_SUMMARY;LG540_GLOSS_ONLY
job-380febe5fe,LG-540,3,DUPLICATE_SUMMARY;LG540_CMYK_ONLY
job-c151c45d3c,LG-540,2,DUPLICATE_SUMMARY;LG540_GLOSS_ONLY
job-c151c45d3c,LG-540,2,OTHER_EVENT:New Job(Queue A)
job-077436a4ed,LG-540,2,DUPLICATE_SUMMARY;LG540_GLOSS_ONLY
job-c65e7b9277,LG-540,2,OTHER_EVENT:New Job(Queue A)
job-380febe5fe,LG-540,2,OTHER_EVENT:New Job(Queue A)
job-bd2c9d9c95,LG-540,2,OTHER_EVENT:New Job(Queue A)
job-5e7902abc0,LG-540,2,OTHER_EVENT:New Job(Queue A)
job-c401152b97,LG-540,4,DUPLICATE_SUMMARY;LG540_GLOSS_ONLY
job-c401152b97,LG-540,2,OTHER_EVENT:New Job(Queue A)
job-d15900bf78,LG-540,2,OTHER_EVENT:New Job(Queue A)
job-c401152b97,LG-540,4,CANCELED;DUPLICATE_SUMMARY;LG540_CMYK_ONLY
job-c401152b97,LG-540,2,CANCELED
job-c401152b97,LG-540,2,CANCELED
job-7e01e2d5a9,LG-540,2,OTHER_EVENT:New Job(Queue A)
job-7d6ffd7922,LG-540,2,OTHER_EVENT:New Job(Queue A)
job-9e79d3d887,LG-540,2,OTHER_EVENT:New Job(Queue A)
job-a3c3a882c7,LG-540,2,OTHER_EVENT:New Job(Queue A)
job-264b80a81e,LG-540,2,OTHER_EVENT:New Job(Queue A)
job-7f1ed86897,LG-540,2,OTHER_EVENT:New Job(Queue A)
job-b0cd1df741,LG-540,2,OTHER_EVENT:New Job(Queue A)
job-8ba25683c0,LG-540,2,OTHER_EVENT:New Job(Queue A)
job-b2ff4629b6,LG-540,2,OTHER_EVENT:New Job(Queue A)
job-e94eb0863c,LG-540,2,OTHER_EVENT:New Job(Queue A)
job-0baf5af8c6,LG-540,2,OTHER_EVENT:New Job(Queue A)
job-c2dfaa8bed,LG-540,2,OTHER_EVENT:New Job(Queue A)
job-57e407105b,LG-540,2,OTHER_EVENT:New Job(Queue A)
job-0e33fed31c,LG-540,2,OTHER_EVENT:New Job(Queue A)
job-32b5299f88,LG-540,2,OTHER_EVENT:New Job(Queue A)
job-d5f5500bfc,LG-540,2,OTHER_EVENT:New Job(Queue A)
job-2596ea6a81,LG-540,2,CANCELED
job-f860fbbf7c,LG-540,2,CANCELED
job-12fa4f5cbc,LG-540,2,DUPLICATE_SUMMARY;LG540_GLOSS_ONLY
job-efb632486f,LG-540,2,DUPLICATE_SUMMARY;LG540_GLOSS_ONLY
job-efb632486f,LG-540,2,OTHER_EVENT:New Job(Queue A)
job-cb87fc0414,LG-540,4,DUPLICATE_SUMMARY;LG540_GLOSS_ONLY
job-cb87fc0414,LG-540,7,CANCELED
job-2c7896c932,LG-540,8,DUPLICATE_SUMMARY;LG540_GLOSS_ONLY
job-f8aafd8e73,LG-540,8,DUPLICATE_SUMMARY;LG540_GLOSS_ONLY
job-291a19ea4b,LG-540,8,DUPLICATE_SUMMARY;LG540_GLOSS_ONLY
job-66a971f73f,LG-540,2,DUPLICATE_SUMMARY;LG540_GLOSS_ONLY
job-c665df06c4,LG-540,2,DUPLICATE_SUMMARY;LG540_GLOSS_ONLY
job-9c0e10517c,LG-540,2,DUPLICATE_SUMMARY;LG540_GLOSS_ONLY
job-bf1ec3df9d,LG-540,2,DUPLICATE_SUMMARY;LG540_GLOSS_ONLY
job-96f87b3415,LG-540,2,DUPLICATE_SUMMARY;LG540_GLOSS_ONLY
job-1a84527fad,LG-540,2,DUPLICATE_SUMMARY;LG540_GLOSS_ONLY
job-a8ce29c201,LG-540,2,DUPLICATE_SUMMARY;LG540_GLOSS_ONLY
job-7f9126b2f5,LG-540,4,DUPLICATE_SUMMARY;LG540_GLOSS_ONLY
job-29253309b7,LG-540,2,DUPLICATE_SUMMARY;LG540_GLOSS_ONLY
job-efb632486f,LG-540,2,DUPLICATE_SUMMARY;LG540_GLOSS_ONLY
job-8c97611a83,LG-540,2,DUPLICATE_SUMMARY;LG540_GLOSS_ONLY
job-cd94e7fe21,LG-540,2,OTHER_EVENT:New Job(Queue A)
job-29253309b7,LG-540,2,CANCELED
job-efb632486f,LG-540,2,CANCELED
job-8c97611a83,LG-540,2,CANCELED
job-53739bfed4,LG-540,4,DUPLICATE_SUMMARY;LG540_GLOSS_ONLY
job-a8c44f3020,LG-540,8,DUPLICATE_SUMMARY;LG540_GLOSS_ONLY
job-dc27c72736,LG-540,4,DUPLICATE_SUMMARY;LG540_GLOSS_ONLY
job-de5f4a3d4b,LG-540,8,DUPLICATE_SUMMARY;LG540_GLOSS_ONLY
job-de5f4a3d4b,LG-540,2,OTHER_EVENT:New Job(Queue A)
job-47ed2f9b1c,LG-540,2,DUPLICATE_SUMMARY;LG540_GLOSS_ONLY
job-5a40dc80ff,LG-540,2,DUPLICATE_SUMMARY;LG540_GLOSS_ONLY
job-1aea9fb61e,LG-540,2,DUPLICATE_SUMMARY;LG540_GLOSS_ONLY
job-5d1661367a,LG-540,2,DUPLICATE_SUMMARY;LG540_GLOSS_ONLY
job-8646db1fb7,LG-540,2,DUPLICATE_SUMMARY;LG540_GLOSS_ONLY
job-0a9074d538,LG-540,2,DUPLICATE_SUMMARY;LG540_GLOSS_ONLY
job-ae2b48b2e3,LG-540,2,DUPLICATE_SUMMARY;LG540_GLOSS_ONLY
job-30b2224a3d,LG-540,2,DUPLICATE_SUMMARY;LG540_GLOSS_ONLY
job-6ae078c064,LG-540,2,DUPLICATE_SUMMARY;LG540_GLOSS_ONLY
job-a1d336df12,LG-540,4,DUPLICATE_SUMMARY;LG540_GLOSS_ONLY
job-a1d336df12,LG-540,3,OTHER_EVENT:New Job(Queue A)
job-a1d336df12,LG-540,4,CANCELED;DUPLICATE_SUMMARY;LG540_CMYK_ONLY
job-2f6477b585,LG-540,4,DUPLICATE_SUMMARY;LG540_GLOSS_ONLY
job-907661f5ea,LG-540,4,DUPLICATE_SUMMARY;LG540_GLOSS_ONLY
job-4fc40d0b6c,LG-540,4,DUPLICATE_SUMMARY;LG540_GLOSS_ONLY
job-907661f5ea,LG-540,3,OTHER_EVENT:New Job(Queue A)
job-4fc40d0b6c,LG-540,2,OTHER_EVENT:New Job(Queue A)
job-2f6477b585,LG-540,2,OTHER_EVENT:New Job(Queue A)
job-ab5df4ee75,LG-540,2,DUPLICATE_SUMMARY;LG540_GLOSS_ONLY
job-1ddf809ff8,LG-540,2,DUPLICATE_SUMMARY;LG540_GLOSS_ONLY
job-f46c30aa41,LG-540,2,DUPLICATE_SUMMARY;LG540_GLOSS_ONLY
job-5d39ebe42a,LG-540,2,DUPLICATE_SUMMARY;LG540_GLOSS_ONLY
job-5d39ebe42a,LG-540,2,OTHER_EVENT:New Job(Queue A)
job-ae722d79f7,LG-540,2,DUPLICATE_SUMMARY;LG540_GLOSS_ONLY
job-e710d51067,LG-540,2,DUPLICATE_SUMMARY;LG540_GLOSS_ONLY
job-9b01a7e3c2,LG-540,2,DUPLICATE_SUMMARY;LG540_GLOSS_ONLY
job-c8e823b45c,LG-540,2,DUPLICATE_SUMMARY;LG540_GLOSS_ONLY
job-e710d51067,LG-540,2,CANCELED
job-9b01a7e3c2,LG-540,2,CANCELED
job-ae722d79f7,LG-540,2,DUPLICATE_SUMMARY;LG540_GLOSS_ONLY
job-c8e823b45c,LG-540,2,DUPLICATE_SUMMARY;LG540_GLOSS_ONLY
job-ae722d79f7,LG-540,2,OTHER_EVENT:New Job(Queue A)
job-9b01a7e3c2,LG-540,3,OTHER_EVENT:New Job(Queue A)
job-c8e823b45c,LG-540,3,OTHER_EVENT:New Job(Queue A)
job-57629350e1,LG-540,2,DUPLICATE_SUMMARY;LG540_GLOSS_ONLY
job-57629350e1,LG-540,4,DUPLICATE_SUMMARY;LG540_GLOSS_ONLY
job-e0c6d8a6b2,LG-540,5,DUPLICATE_SUMMARY;LG540_GLOSS_ONLY
job-e0c6d8a6b2,LG-540,11,DUPLICATE_SUMMARY;LG540_CMYK_WHITE_COMBINED
job-e0c6d8a6b2,LG-540,2,DUPLICATE_SUMMARY;LG540_GLOSS_ONLY
job-e0c6d8a6b2,LG-540,3,OTHER_EVENT:New Job(Queue A)
job-e0c6d8a6b2,LG-540,2,DUPLICATE_SUMMARY;LG540_GLOSS_ONLY
job-e0c6d8a6b2,LG-540,18,CANCELED;DUPLICATE_SUMMARY;LG540_GLOSS_ONLY
job-57629350e1,LG-540,2,CANCELED
job-57629350e1,LG-540,4,CANCELED
job-57629350e1,LG-540,2,OTHER_EVENT:New Job(Queue A)
job-e0c6d8a6b2,LG-540,12,CANCELED;LG540_CMYK_WHITE_COMBINED
job-e0c6d8a6b2,LG-540,2,DUPLICATE_SUMMARY;LG540_GLOSS_ONLY
job-e0c6d8a6b2,LG-540,2,DUPLICATE_SUMMARY;LG540_GLOSS_ONLY
job-e0c6d8a6b2,LG-540,2,DUPLICATE_SUMMARY;LG540_GLOSS_ONLY
job-e0c6d8a6b2,LG-540,2,DUPLICATE_SUMMARY;LG540_GLOSS_ONLY
job-e0c6d8a6b2,LG-540,2,DUPLICATE_SUMMARY;LG540_GLOSS_ONLY
job-e0c6d8a6b2,LG-540,2,DUPLICATE_SUMMARY;LG540_GLOSS_ONLY
job-e0c6d8a6b2,LG-540,2,DUPLICATE_SUMMARY;LG540_GLOSS_ONLY
job-e0c6d8a6b2,LG-540,2,DUPLICATE_SUMMARY;LG540_GLOSS_ONLY
job-e0c6d8a6b2,LG-540,2,DUPLICATE_SUMMARY;LG540_GLOSS_ONLY
job-cec066adfa,LG-540,2,CANCELED;FAILED
job-cec066adfa,LG-540,3,CANCELED;LG540_CMYK_ONLY
job-cec066adfa,LG-540,3,OTHER_EVENT:New Job(Queue A)
